"DISTRICT","MANDAL","11-12-19","12-12-19","13-12-19","14-12-19","15-12-19","16-12-19","17-12-19","18-12-19","19-12-19"
"ANANTAPUR","AGALI",28.54,28.66,29.32,29.1,29.32,28.39,28.25,28.6,28.41
"ANANTAPUR","AMADAGUR",27.54,27.64,28.36,28.45,27.63,27.45,26.32,26.45,27.85
"ANANTAPUR","AMARAPURAM",28.98,28.91,29.72,29.69,29.52,29.03,28.67,28.42,28.98
"ANANTAPUR","ANANTAPURMANDAL",30.46,29.94,30.97,30.92,30.47,30.59,29.38,29.93,30.5
"ANANTAPUR","ATMAKUR",29.93,29.04,29.83,29.83,29.52,29.52,28.54,29.45,29.84
"ANANTAPUR","BATHALAPALLE",30.19,30.17,30.93,30.35,30.05,29.94,29.34,29.67,30
"ANANTAPUR","BELUGUPPA",28.88,28.38,29.35,29.19,28.8,28.91,27.98,28.74,29.08
"ANANTAPUR","BOMMANAHAL",29.19,29.02,29.56,29.92,29.58,29.53,28.66,28.96,30.04
"ANANTAPUR","BRAHMASAMUDRAM",29.04,28.67,30.09,29.4,29.17,29,28.44,28.3,28.97
"ANANTAPUR","BUKKAPATNAM",29.07,28.84,29.86,29.96,29.07,29.18,28.54,28.55,29.12
"ANANTAPUR","BUKKARAYASAMUDRAM",30.51,29.94,30.97,30.92,30.47,30.59,29.39,29.93,30.5
"ANANTAPUR","CHENNEKOTHAPALLE",29.68,29.43,30.55,30.27,29.72,29.55,28.92,29.11,29.4
"ANANTAPUR","CHILAMATHUR",27.97,28.19,28.76,28.64,28.2,27.87,27.74,28.06,28.16
"ANANTAPUR","DHARMAVARAM",30.12,30.02,30.83,30.35,29.87,29.69,29.3,29.43,29.87
"ANANTAPUR","DHIRCHAL",28.93,28.54,29.16,29.73,29.21,29.31,28.32,28.61,29.6
"ANANTAPUR","GANDLAPENTA",27.78,28.04,28.94,29.04,28.06,27.89,26.81,26.87,28.12
"ANANTAPUR","GARLADINNE",30.46,30.12,30.97,30.92,30.68,30.72,29.38,29.93,30.5
"ANANTAPUR","GOOTY",30.42,29.94,30.43,30.77,30.71,30.68,29.57,30.35,30.78
"ANANTAPUR","GORANTLA",28.26,28.37,29.15,29,28.35,28.32,28.09,28.3,28.69
"ANANTAPUR","GUDIBANDA",28.53,28.67,29.31,29.34,29.16,28.58,28.4,28.37,28.57
"ANANTAPUR","GUMMAGATTA",28.76,28.24,29.41,29.04,28.63,28.6,27.97,28.06,28.75
"ANANTAPUR","GUNTAKAL",29.96,29.7,30.17,30.62,30.44,30.57,29.18,29.93,30.72
"ANANTAPUR","HINDUPUR",28.52,28.63,29.33,29.27,28.81,28.41,28.2,28.39,28.64
"ANANTAPUR","KADIRI",29.02,28.8,29.62,30.14,28.77,29.18,28.46,28.36,29
"ANANTAPUR","KALYANDURG",28.65,28.13,29.06,28.82,28.42,28.55,26.78,28.19,28.53
"ANANTAPUR","KAMBADUR",28.69,28.37,29.36,28.99,28.64,28.55,27.87,28,28.28
"ANANTAPUR","KANAGANAPALLE",29.37,29.07,30.16,29.79,29.29,29.05,28.35,28.64,28.98
"ANANTAPUR","KANEKAL",29.16,28.81,29.47,29.92,29.5,29.55,28.44,28.84,29.82
"ANANTAPUR","KOTHACHERUVU",29.33,29.31,30.31,30.22,29.56,29.3,28.96,28.91,29.48
"ANANTAPUR","KUDAIR",30.21,29.6,30.58,30.52,30.19,30.28,29.04,29.54,30.13
"ANANTAPUR","KUNDURPI",28.7,28.55,29.4,29.15,28.87,28.6,28.34,28.09,28.65
"ANANTAPUR","LEPAKSHI",28.43,28.63,29.26,29.15,28.65,28.29,28.12,28.39,28.52
"ANANTAPUR","MADAKASIRA",28.59,28.64,29.44,29.41,29,28.61,28.35,28.41,28.73
"ANANTAPUR","MUDIGUBBA",30.19,30.22,30.99,30.29,30.07,29.82,29.34,29.75,30.01
"ANANTAPUR","NALLACHERUVU",27.71,27.87,28.59,28.74,27.8,27.54,26.36,26.58,27.98
"ANANTAPUR","NALLAMADA",28.33,28.33,29.32,29.4,28.44,28.28,27.91,27.94,28.53
"ANANTAPUR","NAMBULIPULIKUNTA",29.17,29.36,30.12,30.55,29.21,29.36,29.21,29.13,29.67
"ANANTAPUR","NARPALA",30.46,29.95,30.92,30.64,30.12,30.34,29.39,29.72,30.31
"ANANTAPUR","OBULADEVARACHERUVU",27.75,27.88,28.65,28.49,27.83,27.68,26.7,26.95,28.09
"ANANTAPUR","PAMIDI",30.52,30.04,30.7,31.01,30.8,30.86,29.34,29.98,30.65
"ANANTAPUR","PARIGI",28.59,28.64,29.44,29.41,29,28.61,28.35,28.41,28.73
"ANANTAPUR","PEDDAPAPPUR",31.36,30.82,31.28,31.79,31.36,31.4,30.14,30.59,31.37
"ANANTAPUR","PEDDAVADUGUR",31.11,30.49,30.91,31.54,31.19,31.22,29.84,30.45,31.1
"ANANTAPUR","PENUKONDA",29.33,29.31,30.24,30.22,29.56,29.29,28.96,28.91,29.48
"ANANTAPUR","PUTLUR",31.39,30.99,31.47,31.7,31.26,31.4,30.3,30.7,31.4
"ANANTAPUR","PUTTAPARTHI",28.91,28.83,29.86,29.68,29.07,28.73,28.54,28.55,29.12
"ANANTAPUR","RAMAGIRI",29.37,29.07,30.16,29.86,29.37,29.13,28.48,28.64,28.98
"ANANTAPUR","RAPTADU",29.79,29.34,30.25,30.03,29.6,29.51,28.6,29.43,29.67
"ANANTAPUR","RAYADURG",28.73,28.24,29.21,29.31,28.81,28.98,26.99,28.21,29.01
"ANANTAPUR","RODDAM",28.45,28.62,29.47,29.4,29,28.61,28.33,28.44,28.64
"ANANTAPUR","ROLLA",28.53,28.63,29.28,29.24,29.25,28.47,28.31,28.59,28.47
"ANANTAPUR","SETTUR",29.14,28.94,30.06,29.46,29.22,28.94,28.68,28.35,29
"ANANTAPUR","SINGANAMALA",30.97,30.36,30.97,31.24,30.86,31.08,29.72,30.15,30.79
"ANANTAPUR","SOMANDEPALLE",28.52,28.53,29.33,29.27,28.81,28.41,28.2,28.39,28.64
"ANANTAPUR","TADIMARRI",30.19,30.17,31.07,30.6,30.52,30.33,29.57,30.06,30.45
"ANANTAPUR","TADPATRI",31.39,30.99,31.57,31.79,31.36,31.4,30.3,30.7,31.56
"ANANTAPUR","TALUPULA",29.26,29.36,30.06,30.55,29.21,29.38,29.21,29.13,29.67
"ANANTAPUR","TANAKAL",28.09,28.34,28.97,29.1,28.24,28,26.87,27.95,28.43
"ANANTAPUR","URAVAKONDA",29.34,29.03,29.68,29.79,29.58,29.64,28.5,28.95,29.82
"ANANTAPUR","VAJRAKARUR",29.64,29.48,30.23,30.16,29.96,30.07,28.73,29.28,30.07
"ANANTAPUR","VIDAPANAKAL",29.33,29.15,29.7,30.12,29.89,29.98,28.92,29.3,30.3
"ANANTAPUR","YADIKI",31.36,30.76,31.08,31.79,31.36,31.36,30.12,30.59,31.37
"ANANTAPUR","YELLANUR",31.12,30.97,31.57,31.58,31.07,31.13,30.19,30.93,31.57
"CHITTOOR","BAIREDDIPALLE",27.15,27.04,27.14,27.21,27.3,27.54,26.13,26.95,27.04
"CHITTOOR","BANGARUPALEM",28.64,28.56,29.09,28.04,28.66,29.13,28.52,29.44,28.98
"CHITTOOR","BKOTHAKOTA",27.76,27.87,28.52,27.99,27.72,27.55,26.57,26.87,27.99
"CHITTOOR","BUCHINAIDUKHANDRI",31.15,31.52,31.67,31.95,31.18,31.37,31.76,32.49,32.67
"CHITTOOR","CHANDRAGIRI",29.21,29.23,29.92,29.58,29.08,30.09,29.59,30.04,29.4
"CHITTOOR","CHINNAGOTTIGALLU",28.07,27.72,28.6,28.31,27.91,28.65,28.18,29.05,28.55
"CHITTOOR","CHITTOORMANDAL",29.57,29.51,30.2,29.57,29.24,30.29,29.62,30.06,29.87
"CHITTOOR","CHOWDEPALLE",27.16,27.3,27.47,26.1,27.49,27.34,25.88,27.9,27.64
"CHITTOOR","GANGADHARANELLORE",29.65,29.7,30.2,30.18,29.26,30.63,29.62,29.89,29.87
"CHITTOOR","GANGAVARAM",27.24,27.09,27.46,27.1,27.31,27.63,26.27,27.92,26.96
"CHITTOOR","GUDIPALA",29.91,30.01,30.88,30.33,29.57,30.61,30.28,30.16,30.46
"CHITTOOR","GUDIPALLE",28.89,28.98,29.07,28.56,28.41,28.44,28.13,30.07,28.95
"CHITTOOR","GURRAMKONDA",28.13,28.07,28.36,28.42,27.96,28.45,26.78,28.29,28.08
"CHITTOOR","IRALA",28.83,28.89,29.43,28.51,28.63,29.53,28.74,29.79,29.21
"CHITTOOR","KALAKADA",28.59,28.58,29.06,28.42,28.49,29.06,27.95,28.31,28.47
"CHITTOOR","KALIKIRI",28.7,28.58,29.06,28.34,28.49,29.06,28.02,29.06,28.9
"CHITTOOR","KAMBHAMVARIPALLE",29.53,29.68,30.13,29.31,29.32,30.41,29.05,29.38,29.81
"CHITTOOR","KAMMAPALLE",29.96,30.02,30.42,30.38,29.7,30.4,29.94,30.39,30.06
"CHITTOOR","KARVETINAGAR",30.49,30.27,30.28,30.61,30.25,30.91,30.84,31.09,31.02
"CHITTOOR","KUPPAM",28.77,29.68,29.07,28.75,28.39,28.73,28.35,29.36,29.16
"CHITTOOR","KURABALAKOTA",27.7,27.66,28.01,27.72,27.67,27.79,26.12,26.96,27.76
"CHITTOOR","KVBPURAM",30.6,30.8,31.1,31.21,30.43,30.87,31.06,31.74,31.59
"CHITTOOR","MANDAPALLE",27.7,27.66,28.01,27.72,27.67,27.79,26.12,27.78,27.76
"CHITTOOR","MULAKALACHERUVU",28.16,28.39,28.97,29.1,28.24,28,26.95,27.95,28.43
"CHITTOOR","NAGALAPURAM",30.57,31.24,31.15,31.3,30.58,30.98,31.44,32.61,32.08
"CHITTOOR","NAGARI",30.65,30.96,31.24,30.94,30.59,31.33,30.84,32.19,32.1
"CHITTOOR","NARAYANAVANAM",30.32,30.08,30.28,30.19,29.84,30.45,30.26,31.5,30.89
"CHITTOOR","NIMMANAPALLE",27.73,27.84,27.93,27.9,27.85,27.94,26.51,28.47,28.06
"CHITTOOR","NINDRA",30.65,30.96,31.24,30.94,30.59,31.33,30.84,32.19,32.1
"CHITTOOR","PAKALA",28.54,28.68,29.66,28.63,28.39,29.54,28.58,29.51,28.93
"CHITTOOR","PALAMANER",27.88,27.72,28.31,27.64,28.04,28.35,27.03,28.67,28.22
"CHITTOOR","PALASAMUDRAM",30.01,30.11,30.61,30.57,30.05,30.92,30.78,30.63,30.67
"CHITTOOR","PEDDAMANDYAM",28.55,29.09,29.66,29.68,28.93,28.97,28.25,28.77,28.84
"CHITTOOR","PEDDAPANJANI",27.09,27.16,27.11,27.1,27.24,27.28,26.13,27.82,27.49
"CHITTOOR","PEDDATHIPPASAMUDRA",28.16,28.39,28.89,28.86,28.09,27.98,26.95,27.93,28.4
"CHITTOOR","PENUMURU",29.48,29.47,30.14,29.92,29.01,30.24,29.13,30.06,29.65
"CHITTOOR","PICHATUR",30.43,31,30.96,31,30.5,30.89,30.96,32.34,32.1
"CHITTOOR","PILERU",28.85,28.8,29.41,28.94,28.54,29.62,28.48,29.26,29.38
"CHITTOOR","PULICHERLA",28.14,27.77,28.75,28.31,28.04,28.6,28.11,29.09,28.64
"CHITTOOR","PUNGANUR",27.16,27.26,27.47,26.98,27.38,27.28,26.13,27.82,27.59
"CHITTOOR","PUTHALAPATTU",29.48,29.47,30.12,29.47,29.01,30.13,29.13,30.06,29.65
"CHITTOOR","PUTTUR",30.49,30.27,30.28,30.61,30.25,30.91,30.84,31.23,31.02
"CHITTOOR","RAMAKUPPAM",27.89,27.73,28.18,27.58,28.09,28.16,26.85,28.16,28.12
"CHITTOOR","RAMASAMUDRAM",26.94,26.98,27.16,25.86,27.21,26.87,25.9,26.96,27.39
"CHITTOOR","RENIGUNTA",30.72,30.53,31.18,31.12,30.37,30.89,30.53,31.22,30.95
"CHITTOOR","ROMPICHERLA",28.67,28.3,28.94,28.76,28.34,29.14,28.14,29.26,29.11
"CHITTOOR","SANTHIPURAM",27.33,27.34,27.24,26.09,27.26,27.15,26.18,28.54,27.79
"CHITTOOR","SATYAVEDU",31.15,31.49,31.33,31.69,31.17,31.02,32.2,32.61,32.46
"CHITTOOR","SODAM",27.89,27.55,28.16,27.83,27.8,28.09,27.09,28.99,28.32
"CHITTOOR","SOMALA",27.66,27.55,27.77,27.6,27.7,27.92,26.6,28.52,28.1
"CHITTOOR","SRIKALAHASTI",31.49,31.5,32.04,32.16,31.24,31.52,31.71,32.44,32.12
"CHITTOOR","SRIRANGARAJAPURAM",30.01,29.86,30.18,30.48,29.56,30.63,29.87,30.03,29.97
"CHITTOOR","THAMBALLAPALLE",28.34,28.69,29.37,29.23,28.62,28.45,27.91,28.42,28.72
"CHITTOOR","THAVANAMPALLE",29.48,29.47,30.12,29.47,29.01,30.13,29.13,30.06,29.65
"CHITTOOR","THOTTAMBEDU",31.54,31.5,32.04,32.16,31.29,31.66,31.79,32.64,32.26
"CHITTOOR","TIRUPATI",29.96,30.02,30.42,30.38,29.7,30.4,29.94,30.39,30.06
"CHITTOOR","TIRUPATIURBAN",29.96,30.02,30.42,30.38,29.7,30.4,29.94,30.39,30.06
"CHITTOOR","VADAMALAPETA",29.96,30.04,30.42,30.38,29.7,30.4,29.94,30.39,30.06
"CHITTOOR","VALMIKIPURAM",28.35,28.09,28.46,28.42,28.07,28.63,27.05,28.63,28.4
"CHITTOOR","VARADAIAHPALEM",31.73,32,31.97,32.28,31.87,31.7,32.47,32.69,33.37
"CHITTOOR","VEDURUKUPPAM",29.5,29.63,30.14,30.18,28.91,30.31,29.64,29.84,29.53
"CHITTOOR","VENKATAGIRIKOTA",27.29,27.43,27.24,27.06,27.37,27.73,26.19,26.71,27.07
"CHITTOOR","VIJAYAPURAM",30.58,31.42,31.45,31.51,31.04,31.15,31.03,32.42,32.46
"CHITTOOR","YADAMARI",29.22,29.19,29.64,29.05,29.03,29.83,29.14,29.82,29.49
"CHITTOOR","YARRAVARIPALEM",28.85,28.8,29.41,28.94,28.54,29.62,28.48,29.24,29.38
"CHITTOOR","YERPEDU",31.16,31.02,31.69,31.28,30.82,31.1,31.02,31.82,31.4
"EASTGODAVARI","ADDATEEGALA",30.55,30.18,29.69,30.94,31.46,31.68,31.97,32.97,33.27
"EASTGODAVARI","AINAVILLI",32.04,31.51,30.74,31.58,32.15,32.17,33.32,34.1,34.88
"EASTGODAVARI","ALAMURU",31.46,30.93,30.88,31.68,31.97,31.66,33.13,33.76,34.43
"EASTGODAVARI","ALLAVARAM",31.69,31.06,30.73,31.52,32.29,32.34,33.03,33.8,34.81
"EASTGODAVARI","AMALAPURAM",32.04,31.51,30.74,31.58,32.29,32.34,33.32,34.1,34.88
"EASTGODAVARI","AMBAJIPETA",32.04,31.51,30.95,31.97,32.54,32.17,33.47,34.23,34.88
"EASTGODAVARI","ANAPARTHI",31.66,30.91,30.31,31.59,31.92,31.51,32.9,33.75,34.57
"EASTGODAVARI","ATREYAPURAM",31.4,30.93,30.88,31.72,31.97,32.11,33.13,33.76,34.43
"EASTGODAVARI","BICCAVOLU",31.61,30.76,30.25,31.39,31.92,31.41,32.73,33.75,34.85
"EASTGODAVARI","CHINTUR",31.03,31.09,31.58,32.22,31.85,32.69,32.69,32.2,32.4
"EASTGODAVARI","DEVIPATNAM",31.43,31.32,30.76,32.28,32.36,32.23,32.77,33.23,33.54
"EASTGODAVARI","GANDEPALLE",31.59,30.64,30.28,31.57,31.81,32.24,32.59,33.53,34.62
"EASTGODAVARI","GANGAVARAMEASTGODAVARI",30.92,30.6,30.1,31.48,31.75,31.73,32.39,33.05,33.27
"EASTGODAVARI","GOKAVARAM",31.5,30.99,30.49,31.8,32.02,31.97,32.74,33.39,33.58
"EASTGODAVARI","GOLLAPROLU",31.09,29.69,29.43,30.86,31.27,31.4,32.53,33.42,34.43
"EASTGODAVARI","IPOLAVARAM",31.5,31.06,30.55,31.02,31.48,31.37,32.43,33.78,34.48
"EASTGODAVARI","JAGGAMPETA",31.59,30.58,30,31.28,31.94,32.45,32.59,33.53,34.62
"EASTGODAVARI","KADIAM",31.39,30.91,30.37,31.42,31.91,31.66,32.92,33.76,34.27
"EASTGODAVARI","KAJULURU",31.6,31.06,30.55,31.48,31.69,31.54,32.83,33.78,34.48
"EASTGODAVARI","KAKINADARURAL",31.27,30.23,29.52,30.79,31.15,31.08,32.16,33.04,34.07
"EASTGODAVARI","KAKINADAURBAN",31.27,30.23,29.52,30.79,31.15,31.08,32.16,33.04,34.07
"EASTGODAVARI","KAPILESWARAPURAM",31.87,31.28,30.9,31.71,31.93,31.86,33.01,33.79,34.45
"EASTGODAVARI","KARAPA",31.6,30.89,30.24,31.48,31.69,31.54,32.83,33.59,34.56
"EASTGODAVARI","KATRENIKONA",31.79,31.26,30.61,31.2,31.72,32,32.96,33.68,34.68
"EASTGODAVARI","KIRLAMPUDI",31.26,30.24,29.91,31.39,32.05,32.45,32.78,33.64,34.42
"EASTGODAVARI","KORUKONDA",31.5,30.99,30.49,31.8,32.02,32.28,32.79,33.39,33.85
"EASTGODAVARI","KOTANANDURU",30.41,29.73,28.75,30.56,31.08,31.82,31.71,32.62,33.44
"EASTGODAVARI","KOTHAPALLEE",30.56,29.38,29.01,30.18,30.84,30.64,31.94,32.85,33.51
"EASTGODAVARI","KOTHAPETA",31.57,30.99,30.9,31.71,31.87,31.86,33,33.66,34.2
"EASTGODAVARI","KUNAVARAM",30.98,31.09,31.6,32.94,32.32,33.05,32.69,32.38,32.91
"EASTGODAVARI","MALIKIPURAM",31.14,30.58,30.65,31.36,31.91,32.49,32.86,33.76,34.22
"EASTGODAVARI","MAMIDIKUDURU",32.04,31.46,31.11,32.2,32.89,32.74,33.59,34.38,35.1
"EASTGODAVARI","MANDAPETA",31.39,30.84,30.3,31.38,31.91,31.67,32.85,33.76,34.27
"EASTGODAVARI","MAREDUMILLI",28.76,28.48,28.33,29.62,29.56,30.22,30.36,31.47,31.39
"EASTGODAVARI","MUMMIDIVARAM",31.85,31.32,30.61,31.2,31.72,32,32.96,33.96,34.68
"EASTGODAVARI","NELLIPAKA",31.81,31.05,32.04,32.65,32.59,32.99,32.47,32.52,33.1
"EASTGODAVARI","PAMARRUEASTGODAVARI",31.87,31.32,30.73,31.59,31.7,31.72,33.01,33.96,34.58
"EASTGODAVARI","PEDAPUDI",31.61,30.57,29.97,31.21,31.54,31.41,32.48,33.73,34.85
"EASTGODAVARI","PEDDAPURAM",31.61,30.3,29.91,31.39,32.05,32.45,32.78,33.73,34.86
"EASTGODAVARI","PGANNAVARAM",32.04,31.46,31.11,32.2,32.89,32.74,33.59,34.38,35.1
"EASTGODAVARI","PITHAPURAM",31.37,30.13,29.83,31.39,32.05,32.4,32.78,33.68,34.86
"EASTGODAVARI","PRATHIPADUEASTGODAVARI",31.26,30.13,29.83,31.39,32.05,32.4,32.78,33.64,34.42
"EASTGODAVARI","RAJAHMUNDRYRURAL",30.95,30.47,30.11,31.37,31.57,32.1,32.65,33.3,33.67
"EASTGODAVARI","RAJAHMUNDRYURBAN",31.3,30.69,30.3,31.67,32,32.28,32.79,33.31,33.85
"EASTGODAVARI","RAJANAGARAM",31.46,30.84,30.3,31.41,31.91,32.24,32.85,33.76,34.54
"EASTGODAVARI","RAJAVOMMANGI",30.08,29.62,29.08,30.6,30.88,31.07,31.46,32.42,32.62
"EASTGODAVARI","RAMACHANDRAPURAM",31.66,30.91,30.31,31.59,31.92,31.54,32.9,33.75,34.57
"EASTGODAVARI","RAMPACHODAVARAM",30.92,30.6,30.1,31.48,31.75,31.73,32.39,32.94,33.09
"EASTGODAVARI","RANGAMPETA",31.61,30.31,30.06,31.41,31.71,32.24,32.57,33.73,34.85
"EASTGODAVARI","RAVULAPALEM",31.57,31.09,31.07,31.97,32.07,31.86,33.21,33.76,34.43
"EASTGODAVARI","RAYAVARAM",31.66,30.91,30.31,31.59,31.92,31.51,32.9,33.75,34.57
"EASTGODAVARI","RAZOLE",32.17,31.34,31.27,32.57,32.99,33.03,33.96,34.67,35.12
"EASTGODAVARI","ROUTHULAPUDI",30.47,29.45,28.84,30.46,31.2,31.82,32.08,32.96,33.4
"EASTGODAVARI","SAKHINETIPALLE",31.14,30.58,30.65,31.67,32.05,32.5,33,33.78,34.2
"EASTGODAVARI","SAMALKOTA",31.61,30.3,29.58,31.06,31.29,31.51,32.49,33.73,34.86
"EASTGODAVARI","SANKHAVARAM",31.09,29.69,29.43,30.86,31.27,31.76,32.53,33.42,34.43
"EASTGODAVARI","SEETHANAGARAM",31.5,31.32,30.76,32.28,32.36,32.28,32.84,33.39,33.85
"EASTGODAVARI","THALLAREVU",31.85,31.32,30.55,31.2,31.59,31.52,32.87,33.96,34.58
"EASTGODAVARI","THONDANGI",30.56,29.42,29.01,30.46,31.2,31.54,32.16,33.06,33.51
"EASTGODAVARI","TUNI",30.54,29.73,28.88,30.56,31.2,31.82,32.16,33.06,33.48
"EASTGODAVARI","UPPALAGUPTAM",31.79,31.26,30.61,31.2,31.72,32,32.96,33.68,34.68
"EASTGODAVARI","VARARAMACHANDRAPUR",30.98,31.09,31.6,32.94,32.32,33.05,32.69,32.38,32.83
"EASTGODAVARI","YELESWARAM",31.26,30.24,29.91,31.39,32.05,32.45,32.78,33.64,34.42
"EASTGODAVARI","YRAMAVARAM",28.76,28.48,28.33,29.62,29.56,30.22,30.36,31.47,31.39
"GUNTUR","ACHAMPETA",31.5,31.56,31.83,32.5,32.67,32.53,32.12,32.24,33.08
"GUNTUR","AMARAVATHI",31.73,31.77,32.06,32.93,32.85,32.79,32.4,32.68,33.57
"GUNTUR","AMRUTHALUR",31.86,31.77,31.94,32.65,32.65,33.39,33.11,33.39,34.02
"GUNTUR","BAPATLA",31.91,31.82,32.37,32.77,32.8,33.21,33.11,33.4,34.08
"GUNTUR","BELLAMKONDA",31.74,31.21,31.91,32.5,31.96,32.29,31.94,32.19,33.23
"GUNTUR","BHATTIPROLU",31.55,31.5,31.53,32.49,31.98,33.14,32.98,33.23,33.88
"GUNTUR","BOLLAPALLE",30.79,30.79,31.7,31.99,31.43,32.45,31.06,31.33,32.87
"GUNTUR","CHEBROLE",31.98,31.98,32.19,32.85,32.8,33.55,33.03,33.5,33.92
"GUNTUR","CHERUKUPALLE",31.97,31.96,32.02,32.74,32.34,33.2,33.04,33.36,34.19
"GUNTUR","CHILAKALURIPET",31.99,31.9,32.22,32.88,32.73,33.48,32.52,32.65,33.94
"GUNTUR","DACHEPALLE",31.82,31.28,32.5,32.95,32.22,32.38,31.94,32.43,33.28
"GUNTUR","DUGGIRALA",31.76,31.72,32.02,32.81,32.86,33.42,32.96,33.37,33.49
"GUNTUR","DURGI",30.6,30.86,31.35,32.05,31.65,31.92,31.19,31.67,32.54
"GUNTUR","EDLAPADU",32.24,31.96,32.22,32.94,32.76,33.48,32.69,32.9,34.05
"GUNTUR","GUNTURMANDAL",32.16,31.98,32.24,32.85,32.8,33.55,32.8,33.18,33.97
"GUNTUR","GURAZALA",31.34,31.41,32.02,32.78,32.26,32.31,31.78,32.2,33.07
"GUNTUR","IPURU",31.2,30.99,31.48,32.17,31.89,32.68,31.31,31.52,33.13
"GUNTUR","KAKUMANU",32.11,31.82,32.37,32.77,32.8,33.48,33.11,33.4,34.08
"GUNTUR","KAREMPUDI",31.25,30.86,31.35,32.26,31.74,32.06,31.58,31.78,32.81
"GUNTUR","KARLAPALEM",31.97,31.96,32.02,32.74,32.34,33.2,33.04,33.36,34.17
"GUNTUR","KOLLIPARA",31.73,31.46,31.64,32.57,32.86,33.42,32.98,33.39,33.82
"GUNTUR","KOLLUR",31.33,31.05,31.13,32.24,32.39,32.62,32.83,33.23,33.76
"GUNTUR","KROSURU",31.87,31.56,31.83,32.5,32.67,32.53,31.97,32.27,33.18
"GUNTUR","MACHAVARAM",31.74,31.28,31.95,32.71,31.92,32.37,31.94,32.3,33.24
"GUNTUR","MACHERLA",31.29,31.05,31.77,32.35,32.13,32.06,31.35,31.9,32.69
"GUNTUR","MANGALAGIRI",31.78,31.85,32.33,32.96,32.99,33.42,32.83,33.19,33.44
"GUNTUR","MEDIKONDURU",31.98,31.36,31.63,32.5,32.33,32.77,32.04,32.25,33.41
"GUNTUR","MUPPALLA",31.41,31.17,31.51,32.24,32.33,32.84,31.73,31.72,33
"GUNTUR","NADENDLA",31.99,31.9,32.17,32.88,32.73,33.48,32.52,32.65,33.94
"GUNTUR","NAGARAM",31.97,31.96,32.02,32.74,32.34,33.2,33.04,33.48,34.31
"GUNTUR","NAKARIKALLU",31.16,31.04,31.49,32.12,31.94,32.57,31.41,31.47,32.78
"GUNTUR","NARASARAOPETA",31.64,31.43,31.87,32.59,32.47,33.18,31.97,32.08,33.36
"GUNTUR","NIZAMPATNAM",31.92,31.79,31.77,32.48,32.15,32.95,32.9,33.48,34.39
"GUNTUR","NUZENDLA",31.25,30.94,31.51,32.18,31.99,32.52,31.6,31.98,33.42
"GUNTUR","PEDAKAKANI",31.94,31.98,32.24,32.85,32.8,33.55,32.88,33.37,33.62
"GUNTUR","PEDAKURAPADU",31.98,31.23,31.88,32.67,32.65,32.65,32,32.61,33.38
"GUNTUR","PEDANANDIPADU",32.24,31.96,32.22,32.94,32.76,33.48,32.8,33.08,34.05
"GUNTUR","PHIRANGIPURAM",31.9,31.36,31.63,32.44,32.33,32.84,32.04,32.25,33.41
"GUNTUR","PIDUGURALLA",31.38,30.85,31.57,32.26,31.87,32.18,31.65,31.81,32.97
"GUNTUR","PITTALAVANIPALEM",31.97,31.96,32.02,32.74,32.34,33.2,33.04,33.36,34.17
"GUNTUR","PONNUR",32.01,31.96,32.29,32.8,32.8,33.48,33.11,33.4,34.17
"GUNTUR","PRATHIPADU",32.16,31.8,32.08,32.72,32.69,33.36,32.8,33.08,33.97
"GUNTUR","RAJUPALEM",31.41,30.93,31.52,32.19,32.33,32.7,31.7,31.79,32.97
"GUNTUR","RENTACHINTALA",31.24,31.51,32.09,32.73,32.47,32.41,31.62,32.23,33.13
"GUNTUR","REPALLE",31.76,31.46,31.59,32.31,32.15,32.75,32.88,33.53,34.61
"GUNTUR","ROMPICHERLAGUNTUR",31.64,31.28,31.62,32.34,32.43,33.06,31.72,31.75,33.33
"GUNTUR","SATTENAPALLE",31.9,31.17,31.72,32.48,32.55,32.7,31.88,32.27,33.18
"GUNTUR","SAVALYAPURAM",31.44,31.09,31.58,32.29,32.43,33.06,31.58,31.71,33.33
"GUNTUR","TADIKONDA",31.98,31.85,32.24,32.81,32.68,33.25,32.48,32.89,33.38
"GUNTUR","TENALI",31.76,31.72,32.07,32.71,32.86,33.31,33.03,33.5,33.83
"GUNTUR","THADEPALLE",31.7,31.64,32.26,32.96,32.99,33.42,32.83,33.19,33.44
"GUNTUR","THULLUR",31.73,31.53,32.33,32.89,32.91,32.89,32.31,32.84,33.41
"GUNTUR","TSUNDUR",31.86,31.77,32.07,32.71,32.71,33.39,33.11,33.5,34.02
"GUNTUR","VATTICHERUKURU",32.11,31.79,32.13,32.8,32.63,33.38,32.96,33.39,33.97
"GUNTUR","VELDURTHI",30.55,30.53,31.05,31.6,31.18,31.09,30.83,31.42,32.05
"GUNTUR","VEMURU",31.55,31.5,31.6,32.5,32.65,33.14,32.98,33.39,33.87
"GUNTUR","VINUKONDA",31.24,30.99,31.71,32.18,32.38,32.68,31.59,31.8,33.43
"KADAPA","ATLUR",30.25,29.98,30.65,30.79,30.37,31.08,30.71,30.75,31.56
"KADAPA","BADVEL",30.79,30.47,30.8,31.16,30.79,31.59,30.95,31.25,32.21
"KADAPA","BKODUR",30.84,30.47,30.8,31.16,31.02,31.59,30.95,31.25,32.21
"KADAPA","BRAHMAMGARIMATTAM",30.98,30.54,30.94,31.2,31.05,31.59,30.95,31.25,32.21
"KADAPA","CHAKNAYAPET",29.52,29.43,30.26,30.55,29.3,29.6,29.48,29.51,30.09
"KADAPA","CHAPAD",32.32,31.73,32.46,32.46,32.03,32.11,31.82,31.8,32.66
"KADAPA","CHENNUR",31.26,30.94,31.59,32.16,31.29,31.62,31.24,30.87,32.01
"KADAPA","CHINNAMANDEM",28.67,28.87,29.2,28.87,28.34,29.06,28.19,28.35,28.5
"KADAPA","CHINTHAKOMMADINNE",31.69,31.37,32.07,32.69,31.78,32,31.74,31.43,32.16
"KADAPA","CHITVEL",30.33,29.84,30.59,30.26,30.09,31.2,30.23,30.61,30.83
"KADAPA","CUDDAPAHMANDAL",31.26,30.94,31.59,32.16,31.29,31.62,31.24,30.87,32.01
"KADAPA","DUVVUR",31.99,31.73,32.46,32.46,32.03,32.11,31.82,31.8,32.66
"KADAPA","GALIVEEDU",29.11,29.67,30.5,30.41,29.33,29.64,29.07,29.44,29.65
"KADAPA","GOPAVARAM",30.25,29.98,30.4,30.54,30.37,31.08,30.52,30.75,31.56
"KADAPA","JAMMALAMADUGU",31.93,31.55,32.37,32.16,31.73,31.84,31.46,31.63,32.3
"KADAPA","KALASAPADU",30.41,30.01,30.43,30.81,30.36,30.85,30.61,30.74,31.95
"KADAPA","KAMALAPURAM",32.32,31.63,32.33,32.85,32.09,32.15,31.88,31.82,32.56
"KADAPA","KHAJIPET",32.02,31.72,32.24,32.85,32.08,32.15,31.88,31.82,32.56
"KADAPA","KODUR",29.92,29.16,29.65,29.31,29.39,30.33,29.41,30,30
"KADAPA","KONDAPURAM",31.12,30.97,31.57,31.58,31.07,31.13,30.19,30.93,31.57
"KADAPA","LAKKIREDDIPALLE",29.32,29.25,30.05,29.8,28.98,29.73,29.18,29.24,29.65
"KADAPA","LINGALA",30.46,30.41,31.43,30.74,30.54,30.33,29.67,30.14,30.45
"KADAPA","MUDDANUR",31.1,30.31,31.31,31.3,31.21,30.98,30.26,30.95,31.45
"KADAPA","MYLAVARAM",31.52,30.86,31.59,31.9,31.56,31.35,30.92,31.1,31.62
"KADAPA","NANDALUR",30.77,30.55,31.27,31.25,30.67,31.51,31.15,31.23,31.31
"KADAPA","NARSAPUR",30.98,30.41,30.94,31.14,31.05,31.29,30.75,31.17,32.12
"KADAPA","OBULAVARIPALLE",30.33,29.84,30.59,30.26,30.09,31.2,30.23,30.61,30.83
"KADAPA","PEDDAMUDIUM",32.18,31.86,32.36,32.52,32.23,32.05,31.62,31.9,32.69
"KADAPA","PENAGALURU",31.05,30.91,31.65,31.48,31.16,32,31.34,31.7,31.53
"KADAPA","PENDLIMARRI",31.69,31.37,32.07,32.69,31.78,32,31.74,31.43,32.16
"KADAPA","PORUMAMILLA",30.84,30.37,30.65,31.1,31.02,31.39,30.91,31.15,32.16
"KADAPA","PRODDUTUR",32.32,31.73,32.46,32.46,32.03,32.11,31.82,31.8,32.66
"KADAPA","PULIVENDLA",30.87,30.77,31.88,31.31,31.03,30.82,30.09,31.02,31.21
"KADAPA","PULLAMPETA",31.05,30.91,31.65,31.48,31.16,32,31.34,31.7,31.53
"KADAPA","RAJAMPET",31.05,30.91,31.65,31.48,31.16,32,31.34,31.7,31.53
"KADAPA","RAJUPALEM",31.99,31.73,32.46,32.52,32.1,32.11,31.82,31.8,32.66
"KADAPA","RAMAPURAM",29.57,29.72,30.21,29.83,29.31,30.18,29.4,29.66,29.94
"KADAPA","ROYACHOTI",29.65,29.72,30.21,29.83,29.31,30.21,29.4,29.66,29.94
"KADAPA","SAMBEPALLE",29.65,29.64,30.13,29.6,29.13,30.21,28.99,29.32,29.59
"KADAPA","SIDHOUT",30.02,29.8,30.4,30.64,30.19,30.39,30.09,29.94,30.68
"KADAPA","SIMHADRIPURAM",30.74,30.41,31.43,31.27,30.93,30.81,29.94,30.88,31.45
"KADAPA","SMYDUKUR",31.9,31.72,31.95,32.45,31.76,32.03,31.52,31.65,32.31
"KADAPA","THANDUR",31.17,31.07,32.29,31.77,31.46,31.22,30.58,31.37,31.56
"KADAPA","TSUNDUPALLE",29.67,29.74,30.16,29.65,29.32,30.41,29.1,29.48,29.81
"KADAPA","VALLUR",32.02,31.61,32.24,32.85,32.08,32.15,31.88,31.82,32.56
"KADAPA","VEERABALLE",29.57,29.72,30.21,29.83,29.31,30.18,29.4,29.66,29.94
"KADAPA","VEERAPUNAYUNIPALLE",31.61,31.07,32.29,31.97,31.54,31.31,31.12,31.37,31.56
"KADAPA","VEMPALLE",31.17,31.07,32.29,31.77,31.46,31.22,30.58,31.37,31.56
"KADAPA","VEMULA",31.17,31.07,32.29,31.77,31.46,31.22,30.58,31.37,31.56
"KADAPA","VONTIMITTA",30.45,30.18,30.93,30.97,30.27,31.22,30.72,30.99,30.72
"KADAPA","YERRAGUNTLA",32.32,31.63,32.33,32.62,32.09,32.04,31.7,31.79,32.34
"KRISHNA","AGIRIPALLE",31.73,31.32,31.68,32.99,32.71,32.53,33.18,33.34,33.57
"KRISHNA","AKONDURU",31.45,30.67,31.23,32.42,31.96,31.98,32.21,32.56,32.8
"KRISHNA","AVANIGADA",31.43,31.18,31.16,32.03,31.86,32.36,32.48,33.53,34.53
"KRISHNA","BANTUMILLI",31.7,31.16,31.07,32.65,32.61,33,33.92,34.27,34.36
"KRISHNA","BAPULAPAD",31.86,31.75,32.06,33.09,33.12,33.19,33.9,34.13,34.15
"KRISHNA","CHALLAPALLE",31.32,30.94,30.82,31.96,32.08,32.31,32.53,33.08,34.04
"KRISHNA","CHANDARLAPADU",32.25,31.86,32.06,33.07,32.86,32.8,32.68,32.62,33.59
"KRISHNA","CHATRAI",31.09,30.48,31.02,31.9,31.54,31.49,31.81,32.22,32.58
"KRISHNA","GAMPALAGUDEM",32.03,31.2,31.78,32.95,32.5,32.5,32.55,32.76,33.23
"KRISHNA","GANNAVARAM",31.73,31.33,31.75,33.14,32.71,33,33.07,33.43,33.48
"KRISHNA","GHANTASALA",31.39,31,30.86,31.96,32.21,32.57,32.53,33.12,34.04
"KRISHNA","GKONDURU",31.63,31.2,31.84,32.53,32.81,32.35,32.36,32.89,33.26
"KRISHNA","GUDIVADA",32.05,31.75,32.03,33.07,32.98,33.57,34.04,34.26,34.3
"KRISHNA","GUDLAVALLERU",31.89,31.2,31.33,32.66,32.63,33.57,33.84,34.16,34.08
"KRISHNA","GUDURKRISHNA",31.62,31,30.97,31.98,32.32,32.9,33.17,33.82,33.96
"KRISHNA","IBRAHIMPATNAM",31.73,31.41,31.93,32.89,32.81,32.58,32.36,32.89,33.41
"KRISHNA","JAGGAYYAPETA",31.97,31.43,31.62,32.99,32.68,32.35,32.18,32.05,33.16
"KRISHNA","KAIKALUR",32.45,31.84,32.05,33.13,33.18,33.6,34.24,34.62,34.83
"KRISHNA","KALIDINDI",32.45,31.72,31.88,33.13,33.18,33.6,34.27,34.62,34.85
"KRISHNA","KANCHIKACHERLA",32.25,31.86,32.06,33.07,32.86,32.8,32.68,32.63,33.59
"KRISHNA","KANKIPADU",31.55,31.29,31.64,32.95,32.71,33.42,33.07,33.43,33.48
"KRISHNA","KODURU",31.15,31,30.8,31.66,32.03,32.21,32.26,33.21,34.08
"KRISHNA","KRUTHIVENNU",31.58,31.04,30.78,32.3,32.46,32.56,33.61,33.98,34.21
"KRISHNA","MACHILIPATNAM",31.21,30.85,30.74,31.73,32.22,32.46,32.81,33.5,34.04
"KRISHNA","MANDAVALLI",32.39,31.88,32.17,33.1,33.15,33.6,34.23,34.54,34.61
"KRISHNA","MOPIDEVI",31.43,31.18,31.16,32.03,32.03,32.36,32.48,33.53,34.53
"KRISHNA","MOVVA",31.89,31.08,30.97,31.98,32.25,32.83,33.01,33.63,33.93
"KRISHNA","MUDINAPALLE",32.24,31.71,32.03,33.1,32.96,33.6,34.23,34.54,34.6
"KRISHNA","MUSUNURU",31.59,30.99,31.28,32.51,32.21,31.87,32.59,33.15,33.39
"KRISHNA","MYLAVARAMKRISHNA",31.52,30.83,31.32,32.31,32,31.86,32.21,32.6,32.8
"KRISHNA","NAGAYALANKA",31.53,31.22,31.16,32.03,31.92,32.36,32.68,33.53,34.61
"KRISHNA","NANDIGAMA",32.35,31.86,32.09,33.21,32.86,32.8,32.68,32.81,33.59
"KRISHNA","NANDIVADA",32.17,31.88,32.17,33.09,33.12,33.23,34.04,34.26,34.3
"KRISHNA","NUZVID",31.77,31.28,31.64,33.09,32.46,32.15,33.01,33.42,33.64
"KRISHNA","PAMARRU",31.89,31.2,31.33,32.49,32.61,33.14,33.51,33.88,33.87
"KRISHNA","PAMIDIMUKKALA",31.87,31.29,31.33,32.39,32.73,33.33,33.3,33.71,33.73
"KRISHNA","PEDANA",31.78,31.18,31.27,32.66,32.63,33.57,33.92,34.27,34.36
"KRISHNA","PEDAPARUPUDI",31.86,31.75,32,32.98,33.12,33.33,33.9,34.13,34.15
"KRISHNA","PENAMALURU",31.6,31.33,31.75,33.14,32.69,33.42,33.02,33.37,33.36
"KRISHNA","PENUGANCHIPROLU",32.35,31.65,32.04,33.21,32.73,32.52,32.55,32.67,33.44
"KRISHNA","REDDIGUDEM",31.15,30.53,31.14,32.23,31.78,31.69,32.08,32.48,32.78
"KRISHNA","THOTLAVALLURU",31.73,31.29,31.64,32.55,32.73,33.42,33.02,33.39,33.5
"KRISHNA","TIRUVURU",31.76,31.05,31.58,32.79,32.33,32.34,32.52,32.76,32.96
"KRISHNA","UNGUTURU",31.57,31.54,31.8,32.99,33.12,33.19,33.55,33.87,33.83
"KRISHNA","VATSAVAI",32.11,31.33,31.88,33.01,32.73,32.44,32.48,32.63,33.22
"KRISHNA","VEERULLAPADU",32.25,31.86,32.09,33.07,32.86,32.8,32.68,32.81,33.59
"KRISHNA","VIJAYAWADARURAL",31.7,31.52,32.26,32.96,32.99,32.99,32.59,33.05,33.44
"KRISHNA","VIJAYAWADAURBAN",31.73,31.52,32.26,33.14,32.99,32.99,32.76,33.18,33.44
"KRISHNA","VISSANNAPET",31.05,30.46,30.87,32.04,31.56,31.63,31.79,32.37,32.57
"KRISHNA","VUYYURU",31.79,31.22,31.33,32.39,32.69,33.33,33.3,33.71,33.58
"KURNOOL","ADONI",30.35,30.39,30.97,31.52,30.89,30.69,30.23,30.28,31.08
"KURNOOL","ALLAGADDA",32.18,31.86,32.52,32.4,32.23,32.19,31.43,31.9,32.69
"KURNOOL","ALUR",29.4,29.41,29.86,30.3,30.13,29.95,29.21,29.57,30.41
"KURNOOL","ASPARI",29.37,29.41,29.86,30.26,30.14,29.89,29.21,29.53,30.59
"KURNOOL","ATMAKURKURNOOL",30.22,30.11,30.69,30.87,30.77,31.06,30.31,31.11,31.84
"KURNOOL","BANAGANAPALLE",31.78,31.88,32.09,32.82,32.55,32.75,31.31,31.7,32.41
"KURNOOL","BANDIATMAKUR",31.73,31.02,32.13,32.51,32.27,32.04,31.23,31.93,32.79
"KURNOOL","BETHAMCHERLA",30.18,30.47,30.56,30.7,30.95,30.7,29.56,30.02,30.87
"KURNOOL","CBELAGAL",30.1,30.4,30.91,31.59,31.16,31.05,30.31,30.5,31.32
"KURNOOL","CHAGALAMARRI",31.95,31.51,32.17,32.52,32.1,31.92,31.62,31.74,32.54
"KURNOOL","CHIPPAGIRI",29.82,29.52,30.05,30.59,30.33,30.23,29.35,29.85,30.87
"KURNOOL","DEVANAKONDA",29.32,29.07,29.61,30.1,29.92,29.92,29.09,29.46,30.3
"KURNOOL","DHONE",29.86,29.51,29.76,30.56,30.3,30.45,29.43,30.07,30.92
"KURNOOL","DORNIPADU",32.03,31.6,32.52,32.41,32.26,32.42,31.29,31.77,32.67
"KURNOOL","GADIVEMULA",31.08,30.63,31.76,32.25,31.7,31.75,31.04,31.67,32.38
"KURNOOL","GONEGANDLA",30,30.16,30.58,31.27,30.97,30.89,29.99,30.25,31.03
"KURNOOL","GOSPADU",32.09,31.56,32.31,32.48,32.26,32.42,31.11,31.69,32.62
"KURNOOL","GUDURKURNOOL",30.46,30.57,30.99,31.51,31.32,31.08,30.27,30.64,31.42
"KURNOOL","HALAHARVI",30.33,29.73,30.43,31.14,30.64,30.61,29.76,30.05,30.99
"KURNOOL","HOLAGUNDA",30.47,30.33,30.87,31.52,31.09,30.8,30.31,30.32,31.05
"KURNOOL","JUPADUBUNGALOW",30.04,30.41,30.67,31.63,31.07,31.3,29.93,30.74,31.57
"KURNOOL","KALLUR",30.47,30.61,30.99,31.54,31.4,31.25,30.3,30.66,31.54
"KURNOOL","KODUMUR",30.4,30.41,30.82,31.39,31.31,31.08,30.2,30.62,31.39
"KURNOOL","KOILKUNTLA",31.84,31.88,32.09,32.82,32.55,32.75,31.31,31.7,32.41
"KURNOOL","KOLIMIGUNDLA",31.3,31.17,31.17,32.02,31.62,31.59,30.45,30.88,31.74
"KURNOOL","KOSIGI",30.62,30.37,31.17,31.47,31.05,30.57,30.28,30.32,30.81
"KURNOOL","KOTHAPALLE",30.26,30.37,30.74,31.22,30.73,31.2,30.28,31,31.63
"KURNOOL","KOWTHALAM",30.78,30.77,31.4,31.83,31.3,30.97,30.55,30.47,31.11
"KURNOOL","KRISHNAGIRI",30.17,29.86,30.27,31.11,30.86,30.83,29.84,30.44,31.21
"KURNOOL","KURNOOL",30.47,30.63,31.01,31.73,31.4,31.44,30.3,30.64,31.58
"KURNOOL","MADDIKERAEAST",29.43,29.2,29.56,30.17,30.02,29.82,29.04,29.59,30.7
"KURNOOL","MAHANANDI",31.83,31.18,32.13,32.51,32.27,32.04,31.23,31.93,32.79
"KURNOOL","MANTRALAYAM",30.42,30.3,30.87,31.29,31.04,30.7,30.18,30.15,30.95
"KURNOOL","MIDTHUR",30.38,30.63,30.83,31.45,31.15,31.5,30.13,30.64,31.58
"KURNOOL","NANDAVARAM",30.28,30.4,30.89,31.47,31.14,30.95,30.31,30.37,31.12
"KURNOOL","NANDIKOTKUR",30.38,30.63,30.83,31.63,31.15,31.44,30.13,30.64,31.58
"KURNOOL","NANDYAL",31.83,31.22,32.13,32.51,32.27,32.04,31.23,31.93,32.79
"KURNOOL","ORVAKAL",30.47,30.49,30.77,31.36,31.35,31.48,30.14,30.66,31.46
"KURNOOL","OWK",31.71,31.55,31.53,32.71,32.3,32.55,31.09,31.34,32.13
"KURNOOL","PAGIDYALA",30.01,30.38,30.56,31.63,31.07,31.13,29.76,30.4,31.27
"KURNOOL","PAMULAPADU",30.31,30.49,30.91,31.39,31.16,31.37,30.35,31.23,31.96
"KURNOOL","PANYAM",31.73,31.22,31.89,32.06,32.12,31.89,30.94,31.54,32.14
"KURNOOL","PATTIKANDA",29.33,29.41,29.84,30.26,30.14,29.75,29.2,29.53,30.59
"KURNOOL","PEAPALLY",30.24,29.91,30.28,30.61,30.61,30.46,29.36,29.75,30.66
"KURNOOL","PEDDAKADUBUR",30.22,29.78,30.71,31.13,30.53,30.39,29.95,29.81,30.65
"KURNOOL","RUDRAVARAM",32.09,31.53,32.52,32.48,32.12,32.31,31.29,31.77,32.67
"KURNOOL","SANJAMALA",31.71,31.88,31.79,32.82,32.55,32.63,31.31,31.7,32.41
"KURNOOL","SIRVEL",32.09,31.38,32.31,32.48,32.12,32.31,31.11,31.69,32.62
"KURNOOL","SRISAILAM",28.03,27.81,28.29,28.96,28.68,28.67,28.66,29.2,29.59
"KURNOOL","TUGGALI",29.96,29.47,29.89,30.1,30.17,30.14,29.09,29.64,30.72
"KURNOOL","UYYALAWADA",32.18,31.86,32.36,32.4,32.23,32.17,31.43,31.9,32.69
"KURNOOL","VELDURTHIKURNOOL",30.17,29.86,30.27,31.11,30.86,30.83,29.84,30.44,31.21
"KURNOOL","VELGODE",30.45,30.35,31.16,31.59,31.21,31.28,30.54,31.24,31.98
"KURNOOL","YEMMIGANUR",30,30.16,30.53,31.15,30.92,30.83,29.97,30.13,30.92
"NELLORE","ALLUR",31.67,31.29,31.44,31.37,30.97,32.01,32.55,32.93,32.98
"NELLORE","ANANTHASAGARAM",31.56,31.11,31.63,31.67,31.11,32.12,32.45,32.32,32.33
"NELLORE","ANUMASAMUDRAMPETA",31.66,31.16,31.39,31.54,31.28,32.04,32.47,32.75,32.59
"NELLORE","ATMAKURNELLORE",31.66,31.16,31.63,31.67,31.32,32.12,32.64,32.67,32.49
"NELLORE","BALAYAPALLE",32.11,31.89,32.21,32.07,32.04,32.46,32.59,33.31,32.66
"NELLORE","BOGOLE",31.51,31.17,31.34,31.2,31.25,31.74,32.36,32.74,33.05
"NELLORE","BUCCHIREDDIPALEM",31.6,31.3,31.22,31.51,31.17,32.04,32.54,33.02,32.85
"NELLORE","CHEJERLA",31.66,31.37,31.72,31.67,31.32,32.12,32.64,32.67,32.49
"NELLORE","CHILLAKUR",31.5,31.72,31.69,32.22,31.29,32.11,32.86,33.3,33.29
"NELLORE","CHITTAMUR",31.49,31.72,31.92,32.21,31.47,31.91,32.68,33.06,33.41
"NELLORE","DAGADARTHI",31.76,31.29,31.43,31.54,30.97,32.01,32.55,33.02,32.98
"NELLORE","DAKKILI",32.11,31.89,32.21,32.07,32.04,32.46,32.59,33.31,32.66
"NELLORE","DORAVARISATRAM",31.75,32,32.04,32.29,31.98,31.91,32.68,32.83,33.47
"NELLORE","DUTTALUR",30.91,30.37,30.88,30.84,30.69,31.68,31.7,31.58,32.09
"NELLORE","GUDUR",32.11,31.89,32.21,32.07,32.04,32.46,32.59,33.31,32.82
"NELLORE","INDUKURPET",31.26,31.13,31.09,31.18,30.68,31.81,31.87,32.43,33.03
"NELLORE","JALADANKI",31.51,31.17,31.44,31.36,31.5,31.74,32.39,32.74,33.11
"NELLORE","KALIGIRI",31.65,31.16,31.44,31.54,31.5,31.81,32.37,32.75,33.02
"NELLORE","KALUVOYA",31.73,31.37,31.72,31.57,31.07,32.01,32.48,32.2,32.11
"NELLORE","KAVALI",31.36,31.16,31.5,31.37,30.83,31.7,32.32,32.64,33.08
"NELLORE","KODAVALUR",31.62,31.29,31.16,31.37,31.04,32.12,32.55,33.02,33.25
"NELLORE","KONDAPURAMNELLORE",31.49,30.91,31.44,31.4,31.35,31.71,32.19,32.18,33.12
"NELLORE","KOTA",31.5,31.72,31.13,32.22,31.18,32.06,32.86,33.3,33.07
"NELLORE","KOVUR",31.62,31.3,31.16,31.37,31.17,32.12,32.55,32.96,33.25
"NELLORE","MANUBOLU",31.75,31.8,31.97,32.12,31.5,32.24,32.9,33.23,33.29
"NELLORE","MARRIPADU",31.51,30.94,31.25,31.5,31.25,31.93,32.22,32.05,32.26
"NELLORE","MUTHUKUR",31.66,31.62,31.95,31.73,30.86,32.15,32.66,33.15,33.4
"NELLORE","NAIDUPETA",31.49,31.47,31.57,32.12,31.43,31.83,32.54,33.06,33.15
"NELLORE","NELLOREMANDAL",31.74,31.62,31.95,31.8,31.38,32.35,32.8,33.15,33.4
"NELLORE","OJILI",31.81,31.47,31.86,32.12,31.46,31.94,32.54,33.06,32.95
"NELLORE","PELLAKUR",31.49,31.67,32.04,32.16,31.32,31.52,31.93,32.63,32.82
"NELLORE","PODLAKUR",31.83,31.5,31.68,31.89,31.26,32.08,32.49,32.89,32.7
"NELLORE","RAPUR",31.95,31.06,31.57,31.19,31.09,32.3,32,32.16,31.89
"NELLORE","SANGAM",31.66,31.22,31.39,31.54,31.15,32.04,32.47,32.86,32.59
"NELLORE","SEETHARAMAPURAM",29.28,29.08,29.31,29.58,29.62,30.04,29.53,29.92,31.08
"NELLORE","SULLURPETA",31.75,32,32.04,32.29,31.98,31.91,32.68,32.83,33.47
"NELLORE","SYDAPURAM",32.11,31.89,32.21,32.07,32.04,32.56,32.62,33.31,32.7
"NELLORE","TADA",31.73,32,31.97,32.28,31.87,31.7,32.62,32.69,33.37
"NELLORE","THOTAPALLIGUDUR",31.69,31.43,31.54,31.42,31.2,32.03,32.55,33.06,33.29
"NELLORE","UDAYAGIRI",30.74,30.25,30.78,30.65,30.45,31.19,31.08,31.24,31.93
"NELLORE","VAKADU",31.42,31.47,31.64,32.12,31.17,31.83,32.54,33.06,32.95
"NELLORE","VARIKUNTAPADU",31.01,30.48,31.23,30.94,31.01,31.8,31.29,31.7,32.58
"NELLORE","VENKATACHALAM",31.75,31.8,31.97,32.1,31.42,32.35,32.9,33.23,33.4
"NELLORE","VENKATAGIRI",31.54,31.32,31.86,32.03,31.29,31.66,31.79,32.64,32.12
"NELLORE","VIDAVALUR",31.62,31.29,31.25,31.37,30.82,32.01,32.55,32.83,33.06
"NELLORE","VINJAMUR",31.51,30.94,31.25,31.5,31.25,31.93,32.22,32.05,32.47
"PRAKASAM","ADDANKI",31.16,31.02,31.63,32.09,31.91,32.37,32.22,32.02,33.41
"PRAKASAM","ARDHAVEEDU",30.08,29.84,30.65,30.72,29.81,30.58,29.77,30.15,31.44
"PRAKASAM","BALLIKURUVA",31.38,31.42,31.84,32.44,32.48,33.27,32.01,32.08,33.43
"PRAKASAM","BESTAVARIPETA",30.12,29.84,30.65,30.87,30.09,30.62,30.04,30.22,31.45
"PRAKASAM","CHADRASEKARAPURAM",30.45,30.18,30.41,30.52,30.73,31.33,30.78,31.03,32.3
"PRAKASAM","CHIMAKURTHI",30.91,30.82,31.3,31.6,31.49,31.91,32.09,32.37,33.07
"PRAKASAM","CHINAGANJAM",30.93,30.92,31.59,31.92,31.81,32.17,32.29,32.4,33.5
"PRAKASAM","CHIRALA",31.29,31.11,31.8,32.01,31.86,32.56,32.5,32.91,33.87
"PRAKASAM","CUMBUM",30.44,29.93,30.82,30.87,30.09,30.62,30.2,30.24,31.53
"PRAKASAM","DARSI",31.12,30.77,31.49,31.78,31.6,31.99,31.77,31.93,33.29
"PRAKASAM","DONAKONDA",30.7,30.38,31.28,31.42,31.4,31.83,30.8,31.21,32.5
"PRAKASAM","DORNALA",28.63,28.6,29.22,29.37,29,29.49,28.49,29.01,30.11
"PRAKASAM","GIDDALURU",30.2,29.66,30.66,30.42,29.74,30.19,29.85,30.16,31.43
"PRAKASAM","GUDLURU",31.41,31.05,31.5,31.56,31.14,31.83,32.32,32.66,33.28
"PRAKASAM","HANUMANTHUNIPADU",30.73,30.55,30.91,31.13,30.96,31.4,31.42,31.3,32.69
"PRAKASAM","INKOLLU",31.33,31.27,32.02,32.39,32.11,32.59,32.36,32.61,33.94
"PRAKASAM","JANAKAVARAMPANGULU",31.1,31.02,31.62,32.16,31.73,32.29,32.22,32.26,33.54
"PRAKASAM","KANDUKUR",31.42,31.05,31.5,31.57,31.75,31.84,32.61,32.89,33.5
"PRAKASAM","KANIGIRI",31.08,30.81,31.17,31.39,31.14,31.7,31.9,31.97,32.87
"PRAKASAM","KARAMCHEDU",31.37,31.27,32.05,32.39,32.11,32.66,32.47,32.82,33.98
"PRAKASAM","KOMAROLU",30.2,29.66,30.66,30.42,29.74,30.19,29.95,30.16,31.43
"PRAKASAM","KONAKANAMITLA",30.75,30.58,31.15,31.52,31.44,31.94,31.4,31.39,32.93
"PRAKASAM","KONDAPI",31.23,31.06,31.5,31.66,31.42,32.17,32.86,32.56,33.47
"PRAKASAM","KORISAPADU",31.09,31.02,31.62,32.09,31.59,32.15,32.23,32.23,33.43
"PRAKASAM","KOTHAPATNAM",30.99,30.77,31.39,31.58,31.43,31.89,32.15,32.45,32.99
"PRAKASAM","KURICHEDU",30.98,30.49,31.35,31.78,31.6,32.09,31.19,31.72,32.98
"PRAKASAM","LINGASAMUDRAM",31.44,30.81,31.41,31.44,31.19,31.83,32.21,32.42,33.12
"PRAKASAM","MADDIPADU",31.12,30.98,31.6,31.85,31.74,32.08,32.23,32.43,33.46
"PRAKASAM","MARKAPUR",30.43,30.35,31.28,31.42,30.97,31.67,30.45,30.94,32.2
"PRAKASAM","MARRIPUDI",30.87,30.76,31.32,31.49,31.5,31.89,32.31,32.2,33.06
"PRAKASAM","MARTUR",31.12,31.11,31.77,32.16,31.93,32.66,32.01,32.15,33.54
"PRAKASAM","MUNDLAMURU",31.25,30.91,31.63,32.07,31.91,32.37,32.09,31.98,33.42
"PRAKASAM","NAGULUPPALAPADU",31.12,30.98,31.62,31.92,31.81,32.17,32.29,32.4,33.5
"PRAKASAM","ONGOLE",31.13,31.04,31.6,31.85,31.73,32.21,32.85,32.86,33.42
"PRAKASAM","PAMUR",31.1,30.68,31.26,31.34,31.11,31.69,31.64,32,32.97
"PRAKASAM","PARCHUR",31.8,31.76,32.45,32.84,32.68,33.24,32.84,33.13,34.01
"PRAKASAM","PEDAARAVEEDU",30.56,30.44,31.46,31.55,31.14,31.8,30.5,30.96,32.2
"PRAKASAM","PEDACHERLOPALLE",30.85,30.66,30.89,31.17,30.95,31.7,31.67,31.77,32.78
"PRAKASAM","PODILI",31.05,30.66,31.23,31.65,31.5,31.97,31.71,31.86,33.18
"PRAKASAM","PONNALURU",31.32,30.96,31.41,31.57,31.75,31.86,32.61,32.81,33.5
"PRAKASAM","PULLALACHERUVU",30.55,30.37,31.4,31.5,30.98,32.07,30.8,31.19,32.58
"PRAKASAM","RACHERLA",30.44,29.93,30.82,30.77,29.83,30.47,30.2,30.24,31.53
"PRAKASAM","SANTHAMAGULURU",31.44,31.1,31.71,32.29,32.47,33.06,31.66,31.78,33.43
"PRAKASAM","SANTHANUTHLAPADU",31.23,31.06,31.57,31.84,31.74,32.21,32.86,32.86,33.47
"PRAKASAM","SINGARAYAKONDA",31.1,30.83,31.38,31.5,31.29,31.63,32.3,32.5,33.29
"PRAKASAM","TANGUTUR",31.23,31.06,31.5,31.66,31.42,32.17,32.86,32.82,33.47
"PRAKASAM","TARLAPADU",30.35,30.2,31.05,31.28,30.9,31.66,30.28,30.92,32.25
"PRAKASAM","THALLUR",31.12,30.91,31.61,31.92,31.56,32.01,32.09,31.97,33.29
"PRAKASAM","TRIPURANTHAKAM",30.65,30.37,31.4,31.62,31.3,32.09,30.83,31.23,32.58
"PRAKASAM","ULAVAPADU",31.4,31.05,31.42,31.56,31.14,31.68,32.26,32.66,33.28
"PRAKASAM","VELIGANDLA",31.08,30.81,31.1,31.24,31.09,31.61,31.83,31.65,32.87
"PRAKASAM","VETAPALEM",30.78,30.64,31.25,31.61,31.37,31.8,31.99,32.33,33.25
"PRAKASAM","VOLETIVARIPALEM",31.42,31.05,31.5,31.56,31.34,31.86,32.28,32.89,33.39
"PRAKASAM","YEDDANAPUDI",31.59,31.64,32.22,32.64,32.32,33.09,32.36,32.61,33.94
"PRAKASAM","YERRAGONDAPALEM",30.56,30.44,31.46,31.55,31.17,31.8,30.59,31.03,32.23
"PRAKASAM","ZARUGUMILLI",31.32,31.04,31.41,31.62,31.75,32.01,32.85,32.82,33.5
"SRIKAKULAM","AMADALAVALASA",30.67,30.46,29.73,30.58,31.06,32,32.33,32.95,34.23
"SRIKAKULAM","BHAMINI",29.42,28.96,29.05,29.76,30.07,29.84,30.09,31,31.52
"SRIKAKULAM","BURJA",30.6,30.37,29.56,30.22,30.84,31.53,31.83,32.36,33.59
"SRIKAKULAM","ETCHERLA",30.33,30.04,29.75,30.54,31.02,31.95,32.23,32.88,34.21
"SRIKAKULAM","GANGUVARISINGADAM",30.62,30.33,29.6,30.41,31.06,31.74,31.94,32.61,34.12
"SRIKAKULAM","GARA",30.22,29.88,29.59,30.3,30.63,31.23,32.2,32.88,34.14
"SRIKAKULAM","HIRAMANDALAM",30.25,30.07,29.57,30.45,30.63,30.96,31.58,31.89,32.86
"SRIKAKULAM","ICHCHAPURAM",30.24,30.11,29.17,29.86,30.36,30.65,32.01,32.98,33.55
"SRIKAKULAM","JALUMURU",30.98,30.47,29.56,30.3,30.84,31.53,32.18,33.05,34.16
"SRIKAKULAM","KANCHILI",30.33,30.11,29.17,29.86,30.36,30.65,32.01,32.98,33.58
"SRIKAKULAM","KAVITI",30.33,30.11,29.17,29.86,30.36,30.65,32.01,32.98,33.58
"SRIKAKULAM","KOTABOMMAL",30.66,30.23,29.51,30.1,30.5,30.83,32.16,33.05,34.16
"SRIKAKULAM","KOTHURU",30.11,30,29.57,30.46,30.63,30.93,31.22,31.77,32.8
"SRIKAKULAM","LAVERU",30.33,30.04,29.75,30.54,31.02,31.95,32.23,32.86,34.21
"SRIKAKULAM","LAXMINARASAMPET",30.25,30.07,29.22,29.91,30.43,30.96,31.58,31.89,32.86
"SRIKAKULAM","MANDASA",30.2,29.51,29.27,29.57,30.06,29.8,31.48,32.61,33.32
"SRIKAKULAM","MELIAPUTTI",30.61,29.87,29.31,30.11,30.27,30.53,31.56,32.65,33.52
"SRIKAKULAM","NANDIGAM",30.61,29.68,29.26,29.52,30.25,30.13,31.56,32.65,33.75
"SRIKAKULAM","NARASANNAPETA",30.98,30.47,29.7,30.53,30.75,31.51,32.52,33.1,34.5
"SRIKAKULAM","PALAKONDA",30.57,29.87,29.29,30.59,30.67,30.67,31.43,32.05,33.43
"SRIKAKULAM","PALASA",30.61,29.68,29.27,29.57,30.25,30.08,31.56,32.65,33.52
"SRIKAKULAM","PATHAPATNAM",30.15,30,29.57,30.46,30.63,30.93,31.5,32.19,32.89
"SRIKAKULAM","POLAKI",30.75,30.42,29.7,30.53,30.75,31.37,32.52,33.1,34.5
"SRIKAKULAM","PONDURU",30.5,30.33,29.75,30.54,31.06,31.95,32.23,32.88,34.21
"SRIKAKULAM","RAJAM",31,30.16,29.62,31.06,30.99,31.19,31.82,32.51,33.89
"SRIKAKULAM","RANASTALAM",29.84,29.43,29.17,30.1,30.48,31.29,31.85,32.53,33.75
"SRIKAKULAM","REGIDIAMADALAVALASA",31.35,30.45,30.18,31.34,31.49,31.58,32.18,32.56,33.89
"SRIKAKULAM","SANTHABOMMALI",30.33,29.88,29.47,29.68,30.33,30.52,31.74,32.88,34
"SRIKAKULAM","SANTHAKAVITI",30.95,30.33,29.6,30.8,31.06,31.74,31.94,32.61,33.96
"SRIKAKULAM","SARAVAKOTA",30.98,30.47,29.57,30.45,30.63,31.51,32.18,33.05,34.16
"SRIKAKULAM","SARUBUJJILI",30.98,30.47,29.56,30.3,30.84,31.53,32.18,32.76,33.92
"SRIKAKULAM","SEETHAMPETA",30.07,29.72,29.29,30.77,30.79,30.96,31.24,31.79,32.91
"SRIKAKULAM","SOMPETA",29.86,28.96,28.69,29.13,29.53,29.46,31.11,32.02,33.05
"SRIKAKULAM","SRIKAKULAMMANDAL",30.75,30.46,29.73,30.58,31.06,32,32.52,33.1,34.5
"SRIKAKULAM","TEKKALI",30.33,29.66,29.23,29.58,30.15,30.13,31.49,32.55,33.75
"SRIKAKULAM","VAJRAPUKOTHURU",30.31,29.53,29.23,29.39,30.15,30,31.21,32.5,33.75
"SRIKAKULAM","VANGARA",31.35,30.45,30.18,31.57,31.49,31.58,32.18,32.56,33.79
"SRIKAKULAM","VEERAGHATTAM",31.35,30.45,30.18,31.34,31.49,31.58,32.18,32.56,33.79
"VISHAKAPATNAM","ANAKAPALLE",31.23,30.66,29.59,31.6,31.82,31.91,31.93,33.07,34.15
"VISHAKAPATNAM","ANANDAPURAM",30.74,29.51,29.12,30.04,31.01,31.62,31.68,32.27,33.99
"VISHAKAPATNAM","ANANTHAGIRI",29.99,29.36,28.36,30.34,30.44,30.51,30.52,31.26,32.55
"VISHAKAPATNAM","ARAKUVALLEY",26.04,25.39,25.08,27.17,27.27,27.73,27.95,28.41,29.53
"VISHAKAPATNAM","ATCHUTAPURAM",30.72,29.96,29.11,30.58,31.21,31.95,32.13,33.4,34.37
"VISHAKAPATNAM","BHEEMUNIPATNAM",30.45,29.29,29.03,29.94,30.54,31.31,31.72,32.41,34.1
"VISHAKAPATNAM","BUTCHAYYAPETA",31.23,30.88,29.84,31.7,31.88,32.15,31.76,32.73,33.96
"VISHAKAPATNAM","CHEEDIKADA",31.01,30.88,29.74,31.54,31.79,31.9,31.63,32.44,33.58
"VISHAKAPATNAM","CHINTAPALLE",27.7,27.12,25.69,28.06,28.2,28.53,28.61,29.42,30.73
"VISHAKAPATNAM","CHODAVARAM",31.23,30.88,29.74,31.6,31.83,31.91,31.7,32.73,33.96
"VISHAKAPATNAM","DEVARAPALLEVISAKHAPATNAM",31.17,30.75,29.45,31.41,31.83,31.75,31.68,32.54,33.83
"VISHAKAPATNAM","DUMBRIGUDA",22.77,23.47,23.9,24.89,25.07,25.67,26.11,25.6,25.66
"VISHAKAPATNAM","GAJUWAKA",30.66,29.62,29.07,30.31,30.97,31.73,31.93,33.07,34.15
"VISHAKAPATNAM","GANGARAJUMADUGULA",27.24,26.11,25.42,27.58,27.83,28.07,28.34,29.05,30.23
"VISHAKAPATNAM","GOLUGONDA",30.67,30.21,29.31,31.63,31.67,31.73,31.42,32.35,33.1
"VISHAKAPATNAM","GUDEMKOTHAVEEDHI",27.46,27.26,27.49,28.13,27.88,28.13,28.65,30.04,30.49
"VISHAKAPATNAM","HUKUMPETA",28.37,28.01,27.15,28.91,28.79,29.17,29.4,30.21,31.4
"VISHAKAPATNAM","KASIMKOTA",31,30.26,29.34,31.43,31.5,31.95,32.13,33.4,34.37
"VISHAKAPATNAM","KKOTAPADU",31.17,30.75,29.45,31.41,31.83,31.75,31.68,32.54,33.89
"VISHAKAPATNAM","KOTAURATLA",30.73,30.21,29.31,31.63,31.67,31.73,31.62,32.78,33.59
"VISHAKAPATNAM","KOYYURU",29.85,29.62,28.87,30.8,30.69,31.07,30.65,31.41,32.75
"VISHAKAPATNAM","MADUGULA",31.23,30.88,29.84,31.7,31.88,32.15,31.76,32.73,33.96
"VISHAKAPATNAM","MAKAVARAPALEM",31,30.49,29.65,31.64,31.64,31.91,31.51,32.59,33.73
"VISHAKAPATNAM","MUNAGAPAKA",30.72,29.96,29.11,30.6,31.21,31.95,32.13,33.4,34.37
"VISHAKAPATNAM","MUNCHINGIPUTTU",25.74,26.75,27.09,27.96,27.76,28.22,28.68,28.23,27.95
"VISHAKAPATNAM","NAKKAPALLE",30.38,29.62,28.78,30.27,31.19,31.26,31.99,32.94,33.48
"VISHAKAPATNAM","NARSIPATNAM",30.67,30.21,29.31,31.63,31.67,31.73,31.42,32.35,33.1
"VISHAKAPATNAM","NATHAVARAM",30.67,30.21,29.31,31.63,31.67,31.73,31.5,32.51,33.44
"VISHAKAPATNAM","PADERU",29.9,29.52,28.52,30.3,30.48,30.73,30.58,31.25,32.29
"VISHAKAPATNAM","PADMANABHAM",30.74,29.51,29.12,30.04,31.01,31.62,31.72,32.41,34.1
"VISHAKAPATNAM","PARAVADA",30.66,29.91,29.11,30.31,31.14,31.73,31.93,33.27,34.15
"VISHAKAPATNAM","PAYAKARAOPETA",30.54,29.62,28.88,30.27,31.19,31.26,32.16,33.06,33.48
"VISHAKAPATNAM","PEDABAYALU",25.1,25.95,26.71,27.73,27.48,27.94,28.42,28.06,27.09
"VISHAKAPATNAM","PEDAGANTYADA",30.42,29.91,29.11,30.23,31.14,30.86,31.81,33.27,34.09
"VISHAKAPATNAM","PENDURTHI",30.34,29.49,28.6,29.82,30.58,31.13,31.44,32.63,33.92
"VISHAKAPATNAM","RAMBILLI",30.72,29.96,29.1,30.58,31.21,31.95,32.13,33.4,34.37
"VISHAKAPATNAM","RAVIKAMATHAM",31.02,30.86,29.84,31.7,31.88,32.15,31.76,32.54,33.73
"VISHAKAPATNAM","ROLUGUNTA",30.92,30.49,29.65,31.64,31.64,31.91,31.51,32.35,33.4
"VISHAKAPATNAM","SABBAVARAM",30.82,30.15,29.07,30.73,31.25,31.73,31.93,33.07,34.15
"VISHAKAPATNAM","SRAYAVARAM",30.05,29.37,28.86,30.08,30.94,31.49,31.73,32.83,33.59
"VISHAKAPATNAM","VISAKHAPATNAMMANDAL",28.27,28.09,27.73,28.46,29.24,28.78,29.78,30.59,31.65
"VISHAKAPATNAM","VISAKHAPATNAMMANDAL1",30.14,29.26,28.6,29.74,30.58,30.95,31.44,32.63,33.92
"VISHAKAPATNAM","YELAMANCHILIVISAKHAPATNAM",30.44,29.81,29.01,30.6,31.16,31.82,32.06,33.27,33.98
"VIZIANAGARAM","BADANGI",30.94,29.9,29.35,31,31.03,31.11,31.3,31.81,33.5
"VIZIANAGARAM","BALAJIPETA",31.35,30.45,30.18,31.57,31.49,31.58,32.18,32.56,33.79
"VIZIANAGARAM","BHOGHAPURAM",30.45,29.35,29.03,29.94,30.54,31.31,31.72,32.41,34.1
"VIZIANAGARAM","BOBBILI",31.12,30.05,29.95,31.7,31.11,31.29,31.54,32.01,33.52
"VIZIANAGARAM","BONDAPALLE",30.72,30.19,29.77,30.97,31.3,31.54,31.67,31.98,33.47
"VIZIANAGARAM","CHEEPURUPALLE",30.27,29.91,29.56,30.23,30.88,31.52,31.85,32.53,34.12
"VIZIANAGARAM","DATTIRAJERU",30.94,30.19,29.77,31,31.3,31.46,31.65,31.91,33.5
"VIZIANAGARAM","DENKADA",30.6,29.63,29.19,30.04,30.86,31.68,31.72,32.41,34.1
"VIZIANAGARAM","GAJAPATHINAGARAM",30.67,30.19,29.77,30.97,31.3,31.46,31.65,31.91,33.47
"VIZIANAGARAM","GANTYADA",30.91,30.09,29.36,31.09,31.42,31.72,31.76,32.22,33.87
"VIZIANAGARAM","GARIVIDI",30.62,29.86,29.58,30.62,30.81,31.38,31.67,32.28,33.71
"VIZIANAGARAM","GARUGUBILLI",30.84,30.18,30.18,31.57,31.41,31.58,31.68,32.18,33.67
"VIZIANAGARAM","GUMMALAKSHMIPURAM",29.55,28.6,28.45,29.57,29.9,29.91,30.57,30.56,32.03
"VIZIANAGARAM","GURLA",30.67,30.19,29.77,30.97,31.3,31.54,31.67,32.28,33.71
"VIZIANAGARAM","JAMI",30.91,30.08,29.36,31.09,31.42,31.72,31.76,32.27,33.99
"VIZIANAGARAM","JIYYAMMAVALASA",30.45,29.83,29.72,31.06,30.97,31.25,31.57,31.79,33.24
"VIZIANAGARAM","KOMARADA",30.45,29.83,29.72,31.06,30.97,31.25,31.57,31.73,33.24
"VIZIANAGARAM","KOTHAVALASA",30.87,30.15,29.19,30.76,31.3,31.57,31.56,32.24,33.83
"VIZIANAGARAM","KURUPAM",29.55,28.6,28.45,29.57,29.9,29.91,30.57,30.56,32.03
"VIZIANAGARAM","LAKKAVARAPUKOTA",30.87,30.15,29.19,31.09,31.42,31.57,31.56,32.24,33.83
"VIZIANAGARAM","MAKKUVA",31.07,29.68,29.83,31.7,31.11,31.29,31.47,31.7,32.89
"VIZIANAGARAM","MENTADA",30.67,29.38,28.7,30.59,30.75,30.79,31.02,31.49,32.92
"VIZIANAGARAM","MERAKAMUDIDAM",30.82,30.19,29.77,30.97,31.3,31.46,31.65,31.91,33.5
"VIZIANAGARAM","NELLIMARLA",30.66,30.09,29.55,30.41,31.1,31.54,31.67,32.28,33.74
"VIZIANAGARAM","PACHIPENTA",29.95,29.01,29.34,30.59,30.34,30.75,30.41,30.81,32.1
"VIZIANAGARAM","PARVATHIPURAM",30.84,29.83,29.72,31.13,30.97,31.25,31.57,31.94,33.3
"VIZIANAGARAM","PUSAPATIREGA",29.97,29.43,29.11,29.94,30.37,31.29,31.67,32.28,33.74
"VIZIANAGARAM","RAMABHADRAPURAM",30.94,29.71,29.35,31,31.03,31.07,31.26,31.81,32.97
"VIZIANAGARAM","SALUR",31.07,29.71,29.83,31.7,31.11,31.29,31.47,31.81,32.97
"VIZIANAGARAM","SEETHANAGARAMVIZIANAGARAM",31.12,30.18,30.18,31.57,31.41,31.58,31.68,32.18,33.67
"VIZIANAGARAM","SRUNGAVARAPUKOTA",30.61,30.08,29.18,31.09,31.42,31.44,31.46,32.03,33.22
"VIZIANAGARAM","THERLAM",31,30.16,29.62,31.06,30.99,31.13,31.82,32.37,33.7
"VIZIANAGARAM","VEPADA",30.61,30.15,29.18,31.09,31.42,31.44,31.46,32.03,33.22
"VIZIANAGARAM","VIZIANAGARAMMANDAL",30.91,30.09,29.55,30.64,31.35,31.72,31.76,32.22,33.87
"WESTGODAVARI","ACHANTA",32.04,31.52,31.19,32.33,32.56,32.26,33.56,34.23,34.78
"WESTGODAVARI","AKIVEEDU",32.45,31.77,31.88,33.19,33.18,33.44,34.27,34.54,34.85
"WESTGODAVARI","ATTILI",31.82,31.73,31.32,32.51,32.49,32.58,33.9,34.11,34.72
"WESTGODAVARI","BHEEMAVARAM",32.22,31.86,31.56,32.84,33.06,33.25,34.31,34.58,34.81
"WESTGODAVARI","BHIMADOLE",32.16,31.77,31.81,33.19,32.84,32.86,33.8,34.25,34.68
"WESTGODAVARI","BUTTAYAGUDEM",30.27,30.34,30.37,31.41,31.37,31.39,31.44,32.21,32.85
"WESTGODAVARI","CHAGALLU",31.42,30.97,31.18,31.99,31.8,32.32,32.96,33.53,34.06
"WESTGODAVARI","CHINTALAPUDI",30.96,30.44,30.82,31.78,31.39,31.38,31.46,32.07,32.52
"WESTGODAVARI","DENDULURU",31.98,31.84,31.9,33.34,32.86,32.82,33.64,34.08,34.36
"WESTGODAVARI","DEVARAPALLE",31.71,30.98,31.09,32.14,32.22,32.1,32.73,33.2,33.75
"WESTGODAVARI","DWARAKATIRUMALA",31.81,31.26,31.56,32.66,32.69,32.4,33.23,33.72,34.15
"WESTGODAVARI","ELURU",32.45,31.88,32.17,33.34,33.18,33.1,34.14,34.54,34.83
"WESTGODAVARI","GANAPAVARAM",31.94,31.55,31.52,32.84,32.53,32.53,33.81,34.16,34.72
"WESTGODAVARI","GOPALAPURAM",31.41,30.98,30.96,32.14,32.22,32.09,32.69,33.1,33.63
"WESTGODAVARI","IRAGAVARAM",31.87,31.7,31.33,32.39,32.46,32.4,33.75,34.1,34.72
"WESTGODAVARI","JANGAREDDIGUDEM",31.3,30.95,30.91,31.96,32.06,31.83,31.99,32.52,33.15
"WESTGODAVARI","JEELUGUMILLI",30.37,30.31,30.67,31.13,31.36,31.52,31.59,32.21,32.43
"WESTGODAVARI","KALLA",32.27,31.86,31.63,32.99,33.06,33.44,34.31,34.51,34.85
"WESTGODAVARI","KAMAVARAPUKOTA",31.3,30.71,30.96,32.12,32.02,31.91,32.37,32.9,33.22
"WESTGODAVARI","KOVVUR",31.39,30.99,30.92,32.01,32.27,32.26,32.94,33.53,33.78
"WESTGODAVARI","KOYYALAGUDEM",31.55,30.96,30.96,32.14,32.19,31.98,32.42,32.82,33.42
"WESTGODAVARI","KUKUNOOR",31.35,30.97,31.69,32.53,32.14,32.57,32.53,32.37,32.91
"WESTGODAVARI","LINGAPALEM",31.38,30.71,31.13,32.12,32.02,31.91,32.3,32.81,33.08
"WESTGODAVARI","MOGALTHUR",31.2,30.91,30.59,32.14,32.37,32.64,33.29,33.84,33.9
"WESTGODAVARI","NALLAJERLA",31.71,30.93,31.46,32.31,31.98,32.31,32.98,33.38,34.1
"WESTGODAVARI","NARASAPURAM",32.08,31.79,31.36,32.83,33,33.07,34.18,34.59,34.83
"WESTGODAVARI","NIDADAVOLE",31.42,30.97,31.18,31.99,31.77,32.32,32.96,33.53,34.06
"WESTGODAVARI","NIDAMARRU",31.94,31.55,31.65,32.84,32.69,32.53,33.78,34.16,34.72
"WESTGODAVARI","PADAVEGI",31.83,31.68,31.85,33.32,32.75,32.52,33.39,33.76,34.05
"WESTGODAVARI","PALACOLE",32.08,31.79,31.36,32.83,33,33.07,34.18,34.59,34.83
"WESTGODAVARI","PALAKODERU",32.06,31.79,31.36,32.83,33,32.99,34.18,34.58,34.79
"WESTGODAVARI","PEDAPADU",32.17,31.88,32.17,33.32,33.08,33.05,33.94,34.18,34.29
"WESTGODAVARI","PENTAPADU",31.64,31.34,31.65,32.59,32.47,32.43,33.81,34.06,34.72
"WESTGODAVARI","PENUGONDA",31.99,31.52,31.19,32.33,32.56,32.26,33.56,34.21,34.47
"WESTGODAVARI","PENUMANTRA",31.99,31.73,31.33,32.51,32.56,32.58,33.9,34.21,34.72
"WESTGODAVARI","PERAVALI",31.5,31.32,31.16,32.1,32.09,31.84,33.57,34,34.58
"WESTGODAVARI","PODURU",32.17,31.7,31.33,32.71,32.99,33.07,34.05,34.67,35.12
"WESTGODAVARI","POLAVARAM",31.1,30.95,30.44,32.08,31.97,31.94,32.17,32.7,33.24
"WESTGODAVARI","TADEPALLIGUDEM",31.61,31.25,31.65,32.59,32.47,32.43,33.64,33.99,34.55
"WESTGODAVARI","TANUKU",31.61,31.32,31.41,32.38,32.13,32.24,33.64,34,34.58
"WESTGODAVARI","THALLAPUDI",31.43,31.32,30.86,32.28,32.36,32.26,32.84,33.24,33.76
"WESTGODAVARI","TNARASAPURAM",30.76,30.51,30.58,31.65,31.3,31.31,31.43,32.04,32.52
"WESTGODAVARI","UNDI",32.11,31.58,31.59,32.99,32.98,32.78,34.02,34.28,34.67
"WESTGODAVARI","UNDRAJAVARAM",31.61,31.25,31.41,32.38,32.13,32.24,33.64,34,34.55
"WESTGODAVARI","UNGUTURUWESTGODAVARI",31.71,31.25,31.65,32.7,32.69,32.49,33.55,33.89,34.54
"WESTGODAVARI","VEERAVASARAM",32.06,31.79,31.36,32.83,33,32.99,34.18,34.58,34.79
"WESTGODAVARI","VELAIRPAD",30.98,31.09,31.6,32.94,32.32,33.05,32.35,32.38,32.83
"WESTGODAVARI","YELAMANCHILI",32.17,31.34,31.27,32.57,32.99,33.03,33.96,34.67,35.12
