"DISTRICT","MANDAL","23-07-19","24-07-19","25-07-19","26-07-19","27-07-19","28-07-19","29-07-19","30-07-19","31-07-19","01-08-19"
"ANANTAPUR","AGALI",26.89,29.02,28.69,27.33,27.79,29.39,29.77,29.7,30.12,29.2
"ANANTAPUR","AMADAGUR",29.42,30.7,32.17,29.06,29.78,31.14,31.13,31.76,32.18,33.09
"ANANTAPUR","AMARAPURAM",28.09,30.1,30.41,28.45,28.84,29.77,30.46,30.26,30.48,31.06
"ANANTAPUR","ANANTAPURMANDAL",30.23,33.88,34.18,31.73,32.61,32.36,32.77,34.07,35.31,35.1
"ANANTAPUR","ATMAKUR",28.72,31.57,32.31,30.27,30.75,30.63,32.15,32.9,33.28,34.09
"ANANTAPUR","BATHALAPALLE",31.76,33.51,34.54,31.75,32.54,32.88,32.74,33.6,33.87,34.76
"ANANTAPUR","BELUGUPPA",29.45,31.6,31.18,30.38,31.46,29.74,31.93,32.7,32.65,33.29
"ANANTAPUR","BOMMANAHAL",30.75,32.15,32.6,31.3,31.29,30.35,31.5,32.7,33.64,33.76
"ANANTAPUR","BRAHMASAMUDRAM",28.17,30.6,30.01,29.25,30.79,28.93,31,31.78,31.84,31.33
"ANANTAPUR","BUKKAPATNAM",30.65,32.31,32.87,30.56,30.48,32.25,31.72,32.54,32.45,33.85
"ANANTAPUR","BUKKARAYASAMUDRAM",29.63,33.88,34.18,31.73,32.61,31.96,33.21,34.07,35.31,35.1
"ANANTAPUR","CHENNEKOTHAPALLE",31.23,32.24,33.07,30.91,31.37,32,32.21,32.53,33.34,33.82
"ANANTAPUR","CHILAMATHUR",27.23,28.94,31.14,28.38,28.95,29.64,29.33,29.9,30.18,30.81
"ANANTAPUR","DHARMAVARAM",31.53,33.27,34.14,31.75,32.54,32.88,32.6,33.49,33.62,34.7
"ANANTAPUR","DHIRCHAL",30.67,31.02,32.37,30.73,30.53,29.86,31.52,32.32,33.15,32.92
"ANANTAPUR","GANDLAPENTA",30.56,31.63,32.62,30.25,30.17,32.58,32.3,32.87,32.6,33.62
"ANANTAPUR","GARLADINNE",30.15,34.15,34.18,31.73,32.73,32.14,32.79,34.07,35.5,35.28
"ANANTAPUR","GOOTY",29.92,32.98,32.68,31.55,31.51,31.66,33.71,33.03,34.67,34.57
"ANANTAPUR","GORANTLA",28.44,29.79,32.07,29.67,29.86,30.86,30.75,31.04,32.02,32.37
"ANANTAPUR","GUDIBANDA",27.69,29.48,28.92,28.08,28.05,29.77,29.52,29.82,29.92,29.95
"ANANTAPUR","GUMMAGATTA",29.29,30.9,30.54,30.06,30.79,29.49,31.66,32.29,32.4,31.73
"ANANTAPUR","GUNTAKAL",29.84,32.98,32.68,31.55,31.51,31.66,33.71,33.03,34.67,34.57
"ANANTAPUR","HINDUPUR",27.51,28.98,31.31,28.83,28.78,30.25,30.18,30.12,30.65,31.37
"ANANTAPUR","KADIRI",30.51,32.42,32.5,30.63,30.43,32.13,32.21,32.56,32.23,34.01
"ANANTAPUR","KALYANDURG",28.11,30.98,30.07,29.36,31.25,29.88,31.32,31.74,32.26,32.73
"ANANTAPUR","KAMBADUR",28.19,30.65,31.65,28.95,30.26,30.1,31.69,30.85,32.26,32.4
"ANANTAPUR","KANAGANAPALLE",31.01,32.18,32.93,30.56,31.32,31.47,32.4,32.06,33.11,33.21
"ANANTAPUR","KANEKAL",30.65,32.82,32.42,31.05,31.67,30.1,32.19,32.85,33.56,33.62
"ANANTAPUR","KOTHACHERUVU",30.86,31.92,33.07,30.7,30.87,32,31.86,32.35,33.14,33.45
"ANANTAPUR","KUDAIR",29.21,33.54,33.64,31.5,32.29,31.43,32.61,33.92,34.95,34.82
"ANANTAPUR","KUNDURPI",27.61,29.87,29.66,28.48,29.39,28.93,30.57,30.48,30.54,30.67
"ANANTAPUR","LEPAKSHI",27.2,28.98,31.31,28.66,28.79,29.86,29.85,30.01,30.65,31.15
"ANANTAPUR","MADAKASIRA",27.53,29.01,31.09,28.75,28.48,30.28,30.4,30.21,30.63,31.37
"ANANTAPUR","MUDIGUBBA",32.01,33.82,34.54,31.59,32.5,32.86,32.96,33.63,33.88,34.74
"ANANTAPUR","NALLACHERUVU",29.97,31.07,32.5,29.44,30.15,31.71,31.75,32.13,32.2,33.24
"ANANTAPUR","NALLAMADA",30.17,31.99,32.57,30.17,30.03,31.75,31.75,32.17,32.15,33.95
"ANANTAPUR","NAMBULIPULIKUNTA",31.53,33.01,33.34,31.77,30.95,33.75,33.65,33.78,33.73,34.43
"ANANTAPUR","NARPALA",30.47,33.17,34.17,31.53,32.31,32.68,33.69,33.24,34.59,34.82
"ANANTAPUR","OBULADEVARACHERUVU",29.42,30.59,32.17,29.36,29.75,31.14,31.13,31.76,32.18,33.09
"ANANTAPUR","PAMIDI",30.28,33.79,33.49,31.77,32.56,31.86,33.93,33.62,35.2,35.2
"ANANTAPUR","PARIGI",27.58,29.01,31.09,29.19,28.75,30.36,30.4,30.21,30.63,31.37
"ANANTAPUR","PEDDAPAPPUR",31.29,34.34,34.93,32.19,32.54,32.68,34.68,34.17,35.56,36.15
"ANANTAPUR","PEDDAVADUGUR",30.84,33.98,34.1,32.09,32.5,32.18,34.04,33.95,35.29,35.85
"ANANTAPUR","PENUKONDA",30.14,31.23,33.07,30.7,30.75,31.66,31.86,32.07,33.14,33.14
"ANANTAPUR","PUTLUR",31.48,34.06,34.93,32.19,32.54,33.13,35.27,34.38,35.65,36.2
"ANANTAPUR","PUTTAPARTHI",29.54,30.9,32.6,30.17,30.34,31.53,31.29,31.79,32.42,32.9
"ANANTAPUR","RAMAGIRI",31.01,32.18,32.93,30.56,31.32,31.47,32.4,32.07,33.26,33.21
"ANANTAPUR","RAPTADU",30.53,32.12,32.92,30.75,31.68,31.82,32.38,32.6,32.95,34.09
"ANANTAPUR","RAYADURG",29.29,30.9,30.54,30.06,30.62,29.49,31.66,32.29,32.51,31.93
"ANANTAPUR","RODDAM",29.15,30.43,31.68,29.64,29.57,30.6,30.8,31.01,31.53,31.9
"ANANTAPUR","ROLLA",27.22,29.24,29.75,27.66,27.74,29.63,29.58,29.79,30.04,29.48
"ANANTAPUR","SETTUR",28.01,30.37,29.99,28.67,30.67,29.07,31.13,31.12,31.2,31.09
"ANANTAPUR","SINGANAMALA",30.65,33.88,34.18,32.09,32.61,32.18,34.04,34.07,35.31,35.64
"ANANTAPUR","SOMANDEPALLE",27.67,29.13,31.1,29.22,29.14,30.36,30.21,30.24,30.84,31.37
"ANANTAPUR","TADIMARRI",31.76,33.99,34.54,31.75,32.54,32.88,33.49,33.74,34.41,35.04
"ANANTAPUR","TADPATRI",31.83,34.34,34.93,32.19,32.54,33.19,35.18,34.42,35.56,36.2
"ANANTAPUR","TALUPULA",31.53,33.01,32.6,31.77,30.77,33.61,33.65,33.48,33.46,34.43
"ANANTAPUR","TANAKAL",30.54,31.99,33.01,30.34,30.5,31.69,32.36,32.96,32.73,33.37
"ANANTAPUR","URAVAKONDA",29.76,33.1,33.12,31.13,31.73,30.71,32.44,33.01,33.65,33.95
"ANANTAPUR","VAJRAKARUR",29.95,33.35,33.12,31.44,32.17,31.18,33.21,33.12,34.45,34.4
"ANANTAPUR","VIDAPANAKAL",30.7,32.74,32.85,31.5,31.5,30.96,33.08,32.67,33.61,33.76
"ANANTAPUR","YADIKI",31.29,34.34,34.54,31.89,31.84,32.01,33.96,34.15,35.39,36.12
"ANANTAPUR","YELLANUR",31.83,34.29,34.4,31.95,32.07,33.35,35.27,34.42,35.65,35.78
"CHITTOOR","BAIREDDIPALLE",30.06,33.21,32.12,30.98,31.63,29.6,33,33.32,33.82,34.1
"CHITTOOR","BANGARUPALEM",31.42,34.85,34.84,31.97,33.03,31.6,34.47,35.12,35.59,35.83
"CHITTOOR","BKOTHAKOTA",28.72,31.49,32.43,29.91,30.18,29.05,31.07,32.42,31.93,32.31
"CHITTOOR","BUCHINAIDUKHANDRI",32.03,35.7,34.42,33.66,34.89,31.8,34.71,36.16,35.93,36.73
"CHITTOOR","CHANDRAGIRI",31.81,34.06,34.01,32.08,33.5,29.94,34.21,34.15,35.04,36.05
"CHITTOOR","CHINNAGOTTIGALLU",30.44,32.52,32.51,30.5,31.53,28.77,32.57,32.79,33.16,33.97
"CHITTOOR","CHITTOORMANDAL",32.53,35.99,36.6,33.39,35.89,33.32,35.71,36.23,36.75,37.22
"CHITTOOR","CHOWDEPALLE",29.86,32.02,32.48,30.67,30.71,27.91,32.27,32.54,32.68,32.98
"CHITTOOR","GANGADHARANELLORE",32.61,35.99,36.6,33.39,35.89,33.32,35.93,36.32,37.09,37.34
"CHITTOOR","GANGAVARAM",29.94,33.35,32.4,31.14,31.85,29.33,33.07,33.31,33.98,34.23
"CHITTOOR","GUDIPALA",33.44,36.74,37.37,33.74,35.98,34.07,35.9,36.62,37.15,38.05
"CHITTOOR","GUDIPALLE",30.15,32.48,33.09,30.3,31.61,30.16,31.8,33.53,33.39,33.08
"CHITTOOR","GURRAMKONDA",31.01,33.27,33.5,31.23,31.24,30.73,33.82,33.79,33.66,33.74
"CHITTOOR","IRALA",31.42,34.74,35.35,32.28,33.61,31.16,34.74,35.31,35.75,35.96
"CHITTOOR","KALAKADA",31.56,33.65,33.76,31.23,31.34,31.08,34,33.85,33.66,33.82
"CHITTOOR","KALIKIRI",31.56,33.65,33.76,31.08,31.56,30.91,34,33.85,33.46,33.82
"CHITTOOR","KAMBHAMVARIPALLE",31.97,34.12,34.14,31.7,32.57,31.73,34.5,34.06,33.98,34.67
"CHITTOOR","KAMMAPALLE",32.08,34.49,34.31,32.67,34.01,30.68,34.52,34.51,35.23,36.75
"CHITTOOR","KARVETINAGAR",33.17,36.13,34.93,32.99,35.78,32.16,35.44,35.99,36.79,37.98
"CHITTOOR","KUPPAM",31.28,33.9,34.76,31.52,32.9,31.44,32.93,33.88,34.7,34.42
"CHITTOOR","KURABALAKOTA",30.25,32.67,33.1,31.17,30.6,29.9,33.05,33.59,33.15,33.2
"CHITTOOR","KVBPURAM",31.64,35.18,33.76,32.88,34.46,31.47,34.19,35.4,35.37,36.73
"CHITTOOR","MANDAPALLE",30.25,32.67,33.1,31.17,30.72,29.9,33.05,33.59,33.15,33.2
"CHITTOOR","MULAKALACHERUVU",30.54,32.15,33.1,30.34,30.5,31.69,32.36,32.96,32.73,33.37
"CHITTOOR","NAGALAPURAM",31.78,35.95,36.06,33.36,35.09,33.64,34.38,35.43,36.17,36.89
"CHITTOOR","NAGARI",33.21,36.45,35.7,34.35,35.79,32.86,35.44,35.99,36.79,37.98
"CHITTOOR","NARAYANAVANAM",31.91,35.15,33.37,32.63,34.4,31.47,33.88,34.53,35.21,35.94
"CHITTOOR","NIMMANAPALLE",30.72,32.98,33.03,31,31.18,29.24,33.11,33.26,33.32,33.62
"CHITTOOR","NINDRA",33.21,36.45,35.7,34.35,35.79,32.86,35.22,35.81,36.68,37.94
"CHITTOOR","PAKALA",31.44,34.35,34.95,31.86,33.25,30.55,34.6,34.93,35.38,35.78
"CHITTOOR","PALAMANER",30.73,33.95,33.04,31.52,32.46,30.6,33.8,34.09,34.73,34.89
"CHITTOOR","PALASAMUDRAM",33.77,36.82,37.21,33.64,36.14,34.21,36.16,36.9,37.61,38.23
"CHITTOOR","PEDDAMANDYAM",31.29,32.73,33.53,31.48,30.92,33.08,33.47,33.81,33.49,33.85
"CHITTOOR","PEDDAPANJANI",29.39,32.73,32.1,30.73,31.28,28.33,32.41,32.65,33.28,33.59
"CHITTOOR","PEDDATHIPPASAMUDRA",29.87,32.15,33.1,30.28,30.37,30.72,31.85,32.76,32.51,33.01
"CHITTOOR","PENUMURU",31.86,35.38,36.04,32.74,33.77,31.82,35.29,35.98,36.31,36.65
"CHITTOOR","PICHATUR",32.41,35.84,35.92,33.6,35.17,33.28,34.43,35.4,36.25,37.39
"CHITTOOR","PILERU",31.15,32.96,33.15,31.09,31.86,30.23,33.05,33.17,33.35,33.62
"CHITTOOR","PULICHERLA",31.03,33.52,33.6,31.1,32.53,29.32,33.66,33.81,34.34,34.73
"CHITTOOR","PUNGANUR",29.62,31.96,32.31,30.67,30.75,27.91,32.25,32.54,32.68,33.06
"CHITTOOR","PUTHALAPATTU",31.86,35.38,36.04,32.74,33.77,31.82,35.29,35.98,36.31,36.65
"CHITTOOR","PUTTUR",33.17,36.13,34.93,32.99,35.78,32.16,35.44,35.99,36.79,37.98
"CHITTOOR","RAMAKUPPAM",30.64,33.77,34.5,31.28,32.62,31.83,33.58,34.09,34.98,34.45
"CHITTOOR","RAMASAMUDRAM",29.04,31.38,31.82,30.25,30.24,26.77,31.61,31.88,32.06,32.46
"CHITTOOR","RENIGUNTA",31.9,35.18,34.31,32.75,34.43,30.36,34.57,34.46,35.23,36.89
"CHITTOOR","ROMPICHERLA",30.81,32.73,32.84,30.88,31.43,29.6,32.74,32.93,33.2,33.49
"CHITTOOR","SANTHIPURAM",29.31,31.71,31.96,29.86,30.57,29.96,31.02,32.35,32.61,32.72
"CHITTOOR","SATYAVEDU",32.04,36.13,36.06,34.14,35.09,33.64,34.38,35.62,36.17,36.6
"CHITTOOR","SODAM",30.92,33.37,33.73,30.8,31.99,28.98,33.38,33.57,34.15,34.39
"CHITTOOR","SOMALA",30.92,32.88,33.23,30.53,31.61,28.98,32.9,33.09,33.59,33.78
"CHITTOOR","SRIKALAHASTI",32.2,35.4,34.6,33.39,35.03,31.41,35.1,35.49,35.59,36.89
"CHITTOOR","SRIRANGARAJAPURAM",32.69,35.68,36.37,33.06,35.87,32.8,35.93,36.32,37.09,37.34
"CHITTOOR","THAMBALLAPALLE",30.86,32.42,33.53,31.31,30.71,31.97,32.93,33.81,33.34,33.67
"CHITTOOR","THAVANAMPALLE",31.86,35.38,36.04,32.74,33.77,31.82,35.29,35.98,36.31,36.65
"CHITTOOR","THOTTAMBEDU",31.71,35.45,34.82,33.61,35.04,31.8,35.6,35.66,35.93,37.01
"CHITTOOR","TIRUPATI",31.9,34.49,34.31,32.67,34.01,30.07,34.21,34.24,35.23,36.75
"CHITTOOR","TIRUPATIURBAN",31.9,34.59,34.31,32.67,34.01,30.07,34.21,34.24,35.23,36.75
"CHITTOOR","VADAMALAPETA",31.9,34.54,34.31,32.67,34.01,30.68,34.21,34.24,35.23,36.75
"CHITTOOR","VALMIKIPURAM",31.25,33.27,33.5,31.23,31.37,30.26,33.69,33.78,33.66,33.74
"CHITTOOR","VARADAIAHPALEM",32.16,36.13,35.37,34.17,35.07,32.33,34.69,36.16,35.78,36.66
"CHITTOOR","VEDURUKUPPAM",32.08,34.98,35.59,32.49,34.43,31.66,35.29,35.76,36.25,36.65
"CHITTOOR","VENKATAGIRIKOTA",30.12,33.06,33.21,31.06,31.64,31.43,33.22,33.71,34.34,34
"CHITTOOR","VIJAYAPURAM",33.31,36.98,37.01,35.02,36.64,34.05,35.55,36.2,37,38.36
"CHITTOOR","YADAMARI",32.29,35.57,35.9,33.03,34.67,32.68,35.19,35.84,36.26,36.53
"CHITTOOR","YARRAVARIPALEM",31.15,32.96,33.15,31.09,31.86,30.23,32.97,32.98,33.07,33.62
"CHITTOOR","YERPEDU",31.9,35.4,34.31,32.97,34.64,30.85,34.99,34.84,35.23,36.89
"EASTGODAVARI","ADDATEEGALA",31.28,32.85,31.66,28.03,26.97,30.55,32.74,33.26,29.11,29.48
"EASTGODAVARI","AINAVILLI",31.36,34.01,33.54,28.25,29.11,29.25,34.1,33.65,30.43,30.56
"EASTGODAVARI","ALAMURU",31.99,33.73,33.67,28.32,28.61,29.14,33.57,32.98,30.93,30.87
"EASTGODAVARI","ALLAVARAM",30.41,32.49,32.57,29.04,28.28,29.48,33.4,33.18,30.5,31.01
"EASTGODAVARI","AMALAPURAM",31.19,33.43,33.32,28.17,28.51,29.24,33.97,33.49,30.21,30.73
"EASTGODAVARI","AMBAJIPETA",31.39,33.9,33.54,28.25,28.87,29.24,33.97,33.49,30.43,30.91
"EASTGODAVARI","ANAPARTHI",32.03,33.95,33.71,28.49,28.95,29.35,33.68,33.12,30.75,30.31
"EASTGODAVARI","ATREYAPURAM",32,33.71,33.87,28.33,28.15,29.88,33.57,33.1,30.93,30.87
"EASTGODAVARI","BICCAVOLU",31.8,33.9,33.71,28.58,28.7,29.35,33.68,33.03,30.59,29.95
"EASTGODAVARI","CHINTUR",34.48,34.34,31.17,28.86,27.03,28.35,33.11,32.95,30.6,29.84
"EASTGODAVARI","DEVIPATNAM",32.83,33.32,32.35,28.91,27.72,31.3,32.85,33.4,29.87,29.78
"EASTGODAVARI","GANDEPALLE",31.61,33.49,32.53,28.46,27.86,30.36,33,33.24,30.06,29.64
"EASTGODAVARI","GANGAVARAMEASTGODAVARI",32.09,33.07,31.96,28.61,27.14,30.69,32.74,33.43,29.31,29.48
"EASTGODAVARI","GOKAVARAM",32.31,33.07,32.02,28.67,27.36,30.82,32.54,33.43,29.75,29.37
"EASTGODAVARI","GOLLAPROLU",31.34,33.99,32.96,28.6,27.88,30.66,32.99,33.49,29.93,30.34
"EASTGODAVARI","IPOLAVARAM",30.45,33.49,33.14,28.16,29.18,29.13,34.08,33.6,29.9,30.13
"EASTGODAVARI","JAGGAMPETA",31.61,33.49,32.23,28.46,27.86,30.61,33,33.43,30.06,29.85
"EASTGODAVARI","KADIAM",31.69,33.31,33.62,28.33,28,29.14,33.24,32.95,30.42,30.3
"EASTGODAVARI","KAJULURU",31.38,33.98,33.4,28.46,29.42,28.96,34.08,33.6,30.46,30.06
"EASTGODAVARI","KAKINADARURAL",31.05,33.87,33.35,28.75,29.09,29.73,33.58,33.01,30.31,30.07
"EASTGODAVARI","KAKINADAURBAN",31.05,33.87,33.35,28.65,29.09,29.29,33.58,33.01,30.31,29.86
"EASTGODAVARI","KAPILESWARAPURAM",32.03,33.95,33.62,28.44,28.95,28.89,33.66,33.17,30.82,30.91
"EASTGODAVARI","KARAPA",31.58,33.98,33.54,28.5,29.21,28.96,33.68,33.18,30.5,30.06
"EASTGODAVARI","KATRENIKONA",30.92,33.34,33,28.83,29.21,29.25,34.1,33.65,30.43,31.04
"EASTGODAVARI","KIRLAMPUDI",31.66,33.95,32.73,28.44,27.55,30.85,33.02,33.7,29.93,30.26
"EASTGODAVARI","KORUKONDA",32.31,33.37,32.53,28.67,27.77,30.82,32.74,33.23,30,29.56
"EASTGODAVARI","KOTANANDURU",31.65,32.9,32.87,28.74,28.5,31.35,32.9,33.95,30.89,29.62
"EASTGODAVARI","KOTHAPALLEE",30.55,33.49,33.04,28.75,27.97,30.16,32.82,33.03,29.93,30.09
"EASTGODAVARI","KOTHAPETA",31.66,33.67,33.53,28.11,28.59,28.78,33.58,32.88,30.73,30.91
"EASTGODAVARI","KUNAVARAM",34.39,34.27,32.06,28.97,27.53,29.16,33.29,32.81,30.6,30.32
"EASTGODAVARI","MALIKIPURAM",30.34,31.41,31.83,28.8,28.18,29.13,32.07,32.09,30.2,31.09
"EASTGODAVARI","MAMIDIKUDURU",31.39,33.23,33.48,28.69,28.37,29.14,33.74,33.29,30.43,30.91
"EASTGODAVARI","MANDAPETA",31.5,33.31,33.59,28.41,28,29.3,33.24,32.92,30.42,30.03
"EASTGODAVARI","MAREDUMILLI",30.1,30.63,30.87,27.18,25.75,28.66,31.86,32.01,28.34,28.01
"EASTGODAVARI","MUMMIDIVARAM",31.17,34.01,33.42,28.24,29.18,29.25,34.1,33.65,30.11,30.14
"EASTGODAVARI","NELLIPAKA",34.81,35.32,32.45,29.06,28.25,29.41,33.5,33.84,31.16,30.95
"EASTGODAVARI","PAMARRUEASTGODAVARI",32.03,34.01,33.62,28.44,29.21,28.89,33.91,33.49,30.75,30.55
"EASTGODAVARI","PEDAPUDI",31.58,33.9,33.54,28.65,28.7,29.35,33.68,33.01,30.5,29.91
"EASTGODAVARI","PEDDAPURAM",31.69,34.06,33.1,28.74,28.08,30.85,33.54,33.7,30.31,30.26
"EASTGODAVARI","PGANNAVARAM",31.66,33.67,33.53,28.14,28.59,29.14,33.74,33.29,30.73,30.91
"EASTGODAVARI","PITHAPURAM",31.69,34.06,33.04,28.75,27.99,30.85,33.49,33.7,30.21,30.34
"EASTGODAVARI","PRATHIPADUEASTGODAVARI",31.66,33.95,32.73,28.44,27.55,30.85,33.02,33.7,29.93,30.26
"EASTGODAVARI","RAJAHMUNDRYRURAL",31.36,33.09,32.81,28.35,27.85,29.57,32.83,32.9,30.06,29.75
"EASTGODAVARI","RAJAHMUNDRYURBAN",31.36,33.37,32.81,28.53,27.85,30.13,32.83,33.03,30.06,29.75
"EASTGODAVARI","RAJANAGARAM",31.5,33.52,33.59,28.43,28,29.58,33.24,32.92,30.42,30.03
"EASTGODAVARI","RAJAVOMMANGI",31.03,32.37,31.15,27.75,26.59,29.83,32.36,33.07,29.35,28.76
"EASTGODAVARI","RAMACHANDRAPURAM",32.03,33.98,33.71,28.5,29.21,28.94,33.68,33.18,30.75,30.31
"EASTGODAVARI","RAMPACHODAVARAM",32.09,33.01,31.96,28.61,27.14,30.69,32.5,33.4,29.31,29.1
"EASTGODAVARI","RANGAMPETA",31.58,33.85,33.1,28.58,28.08,29.58,33.54,32.9,30.31,29.67
"EASTGODAVARI","RAVULAPALEM",31.99,33.73,33.67,28.32,28.61,28.78,33.65,32.98,31,31.08
"EASTGODAVARI","RAYAVARAM",32.03,33.95,33.71,28.49,28.95,28.93,33.68,33.12,30.75,30.31
"EASTGODAVARI","RAZOLE",31.36,32.42,32.85,28.69,28.23,29.13,33.46,33.24,30.53,31.14
"EASTGODAVARI","ROUTHULAPUDI",31.33,33.37,32.04,28.19,27.91,31.35,32.74,33.82,30.14,29.82
"EASTGODAVARI","SAKHINETIPALLE",30.5,31.52,32.29,29.74,28.79,29.96,32.52,32.45,31.15,31.39
"EASTGODAVARI","SAMALKOTA",31.69,34.06,33.25,28.75,28.56,29.94,33.54,33.45,30.31,30.17
"EASTGODAVARI","SANKHAVARAM",31.4,33.99,32.96,28.6,27.88,30.85,32.99,33.49,29.93,30.34
"EASTGODAVARI","SEETHANAGARAM",32.83,33.71,32.38,28.91,27.77,31.3,32.93,33.28,30,30.06
"EASTGODAVARI","THALLAREVU",31.17,34.01,33.42,28.49,29.56,29.05,34.08,33.6,30.31,30.06
"EASTGODAVARI","THONDANGI",31.12,33.37,32.75,28.6,28.07,30.94,32.52,33.53,29.85,30.09
"EASTGODAVARI","TUNI",31.33,33.37,32.87,28.74,28.5,31.61,32.9,33.95,30.89,29.84
"EASTGODAVARI","UPPALAGUPTAM",30.92,33.34,33,28.53,28.7,29.25,34.1,33.65,30.07,30.73
"EASTGODAVARI","VARARAMACHANDRAPUR",33.25,33.62,31.07,28.64,27.39,29.16,33.11,32.6,30.6,29.81
"EASTGODAVARI","YELESWARAM",31.66,33.95,32.73,28.44,27.55,30.85,33.02,33.7,29.93,30.26
"EASTGODAVARI","YRAMAVARAM",30.14,30.77,30.87,27.47,25.99,28.66,31.96,32.09,28.54,28.62
"GUNTUR","ACHAMPETA",33.62,36.02,36.23,30.96,29.11,32.27,33.97,34.98,34.32,34.74
"GUNTUR","AMARAVATHI",33.42,35.92,36.12,31.27,28.96,32.25,34.75,35.24,34.53,35.07
"GUNTUR","AMRUTHALUR",32.58,35.45,35.68,29.82,28.63,30,34.05,34.24,33.51,34.21
"GUNTUR","BAPATLA",33.14,35.52,36.15,30.08,30.24,30.57,34.4,34.82,34.31,34.7
"GUNTUR","BELLAMKONDA",34.03,36.48,36.7,32.05,29.64,32.53,33.69,35.15,34.79,35.39
"GUNTUR","BHATTIPROLU",32,34.99,35.59,29.89,28.41,30,34.4,33.95,33.12,33.82
"GUNTUR","BOLLAPALLE",33.64,35.24,35.59,31.07,29.27,31.32,34.32,35.01,35.37,34.93
"GUNTUR","CHEBROLE",32.86,35.51,35.81,30.41,28.32,30.25,34.19,34.59,34.5,34.73
"GUNTUR","CHERUKUPALLE",32.08,34.99,35.59,29.82,29.03,30.24,34.29,34.1,33.34,33.84
"GUNTUR","CHILAKALURIPET",33.5,35.59,36.48,30.58,29.77,30.71,34.32,35.21,35.04,35.28
"GUNTUR","DACHEPALLE",34.9,36.45,36.87,32.25,29.85,32.71,33.79,35.4,35.18,35.45
"GUNTUR","DUGGIRALA",32.86,36.15,35.76,30.83,28.88,30.97,34.5,34.78,34.29,34.54
"GUNTUR","DURGI",32.82,35.74,35.78,31.94,29.61,32.47,33.71,35.24,33.88,35.33
"GUNTUR","EDLAPADU",33.08,35.43,36.2,30.09,28.52,30.46,34.11,34.74,34.79,34.92
"GUNTUR","GUNTURMANDAL",32.67,35.73,35.81,30.97,28.99,31.24,34.18,34.68,34.5,34.73
"GUNTUR","GURAZALA",33.53,36.06,36.68,32.17,29.86,32.82,33.84,35.34,34.62,35.53
"GUNTUR","IPURU",33.69,34.87,35.93,30.57,29.02,30.3,34.19,35.01,35.25,34.89
"GUNTUR","KAKUMANU",32.83,35.48,36.15,29.96,29.27,30.22,34.13,34.54,33.95,34.47
"GUNTUR","KAREMPUDI",32.78,35.87,36.32,32,29.61,32.47,33.71,35.24,34.14,35.33
"GUNTUR","KARLAPALEM",32.67,34.7,35.6,29.74,30.08,30.57,34.4,34.49,34.12,34.36
"GUNTUR","KOLLIPARA",32.66,36.1,35.57,30.42,28.47,30.69,34.5,34.7,34.03,34.29
"GUNTUR","KOLLUR",32.75,35.54,35.56,29.89,28.36,29.97,34.4,34.21,33.26,34.01
"GUNTUR","KROSURU",33.84,35.73,35.95,31.44,29.14,32.25,34.5,35.23,34.62,35.18
"GUNTUR","MACHAVARAM",34.14,36.48,36.87,32.25,29.85,32.88,33.71,35.4,34.89,35.45
"GUNTUR","MACHERLA",33.36,35.76,35.62,32.02,29.66,32.24,33.91,35.63,34.23,35.48
"GUNTUR","MANGALAGIRI",32.86,36.52,35.73,30.97,29.16,32.08,34.57,35.01,34.29,34.6
"GUNTUR","MEDIKONDURU",32.98,35.12,35.65,30.89,28.74,30.93,34.5,34.96,34.68,35.07
"GUNTUR","MUPPALLA",32.89,35.17,35.95,30.75,28.85,31.02,33.99,34.88,34.89,35.07
"GUNTUR","NADENDLA",33.08,35.43,36.2,30.52,28.69,30.75,34.16,34.88,35.04,35.07
"GUNTUR","NAGARAM",32.08,34.85,35.56,29.89,29.03,30.35,34.55,34.1,33.34,33.84
"GUNTUR","NAKARIKALLU",33.58,35.1,35.9,31,28.97,30.97,33.69,34.79,34.79,34.96
"GUNTUR","NARASARAOPETA",33.56,35.35,36.18,30.52,28.83,30.93,33.99,34.92,35.15,35.09
"GUNTUR","NIZAMPATNAM",31.39,34.02,35.23,30.09,29.86,30.89,34.55,33.99,33.25,33.64
"GUNTUR","NUZENDLA",34.4,34.93,36.09,31.53,30.44,30.49,34.29,35.49,35.57,35.45
"GUNTUR","PEDAKAKANI",32.86,35.73,35.81,30.97,28.99,31.24,34.19,34.68,34.5,34.73
"GUNTUR","PEDAKURAPADU",33.34,35.49,35.89,31.27,29.02,32.16,34.75,35.24,34.62,35.18
"GUNTUR","PEDANANDIPADU",33.08,35.43,36.2,30.05,28.52,30.46,34.11,34.74,34.65,34.92
"GUNTUR","PHIRANGIPURAM",32.89,35.17,35.95,30.89,28.74,30.93,34.36,34.96,34.89,35.07
"GUNTUR","PIDUGURALLA",33.08,35.87,36.32,32,29.56,32.08,33.33,34.82,34.39,35.26
"GUNTUR","PITTALAVANIPALEM",32.08,34.54,35.42,29.64,29.64,30.36,34.16,34.1,33.36,33.84
"GUNTUR","PONNUR",32.64,35.21,35.98,29.97,29.25,30.24,34.16,34.48,34.11,34.57
"GUNTUR","PRATHIPADU",32.67,35.06,36.03,29.95,28.39,30.03,34.04,34.53,34.4,34.64
"GUNTUR","RAJUPALEM",33.84,35.42,35.76,31.44,29.14,31.33,33.91,34.85,34.54,34.92
"GUNTUR","RENTACHINTALA",33.39,36.12,36.28,32.35,29.88,32.82,34.43,35.67,34.84,35.75
"GUNTUR","REPALLE",32,34.85,35.56,29.89,29.87,30.72,34.68,34.09,33.18,33.7
"GUNTUR","ROMPICHERLAGUNTUR",33.69,35.17,36.15,30.5,28.93,30.93,34.13,34.99,35.23,35.05
"GUNTUR","SATTENAPALLE",33.37,35.49,35.82,31.23,29.03,31.97,34.5,35.23,34.76,35.18
"GUNTUR","SAVALYAPURAM",33.69,34.92,36.15,30.57,28.94,30.22,34.19,35.01,35.25,35.05
"GUNTUR","TADIKONDA",32.98,35.73,35.65,31.08,28.99,32.16,34.55,34.99,34.61,35.01
"GUNTUR","TENALI",32.86,35.67,35.76,30.34,28.22,30.11,34.36,34.56,34.26,34.54
"GUNTUR","THADEPALLE",32.86,36.52,35.73,30.83,29.02,31.64,34.57,34.93,34.29,34.45
"GUNTUR","THULLUR",32.78,36.04,36.07,31.08,29.16,32.16,34.55,35.01,34.23,34.67
"GUNTUR","TSUNDUR",32.37,35.1,35.68,29.84,28.63,29.88,33.65,34.2,33.67,34.28
"GUNTUR","VATTICHERUKURU",32.39,35.06,35.78,29.97,28.16,29.93,34.04,34.53,34.36,34.64
"GUNTUR","VELDURTHI",33.3,34.93,35.03,31.03,28.96,31.02,33.43,35.03,33.87,34.64
"GUNTUR","VEMURU",32.75,35.54,35.59,29.89,28.41,30,34.4,34.24,33.51,34.21
"GUNTUR","VINUKONDA",34.4,34.95,36.14,31.08,29.78,30.64,34.32,35.42,35.57,35.36
"KADAPA","ATLUR",32.84,35.62,35.39,33.74,33.09,33.77,34.99,34.94,35.18,36.89
"KADAPA","BADVEL",32.03,35.07,35.78,31.8,32.36,33.57,34.52,34.49,35.21,36.89
"KADAPA","BKODUR",31.81,34.79,35.81,30.92,31.79,33.57,34.47,34.49,35.21,36.8
"KADAPA","BRAHMAMGARIMATTAM",31.81,34.79,35.78,31.02,31.79,33.57,34.47,34.49,35.21,36.8
"KADAPA","CHAKNAYAPET",31.53,33.01,32.6,32.08,31.03,33.64,33.65,33.48,33.49,34.43
"KADAPA","CHAPAD",32.04,34.52,35.81,33.35,32.18,33.97,34.27,35.05,35.29,36.67
"KADAPA","CHENNUR",32.04,34.6,34.87,34.32,31.92,34,34.65,34.52,35.01,36.62
"KADAPA","CHINNAMANDEM",30.84,33.01,33.12,31.14,31.45,32.19,33.83,33.48,33.05,33.66
"KADAPA","CHINTHAKOMMADINNE",32.04,34.6,34.9,34.32,32.11,34.41,34.74,34.69,35.01,36.62
"KADAPA","CHITVEL",33.44,35.24,35.85,33.64,33.84,33.54,35.32,34.99,35.73,36.92
"KADAPA","CUDDAPAHMANDAL",32.04,34.6,34.87,34.32,31.92,34,34.65,34.52,35.01,36.62
"KADAPA","DUVVUR",31.9,34.31,35.15,32.89,32.14,33.49,34.27,34.46,34.91,36.66
"KADAPA","GALIVEEDU",31.53,33.21,33.37,31.5,31.59,33.77,33.97,33.62,33.95,33.98
"KADAPA","GOPAVARAM",32.4,35.56,35.39,33.13,33.09,33.58,34.99,34.9,34.8,36.92
"KADAPA","JAMMALAMADUGU",31.98,34.12,33.53,32.64,32.37,33.94,34.36,34.79,35.01,36.53
"KADAPA","KALASAPADU",30.92,33.27,34.7,31.1,29.89,31.46,32.74,33.1,34.02,35.45
"KADAPA","KAMALAPURAM",32.06,34.7,35.81,33.72,32.18,34.39,34.88,35.15,35.32,36.92
"KADAPA","KHAJIPET",32.03,34.7,35.56,33.72,32.18,34.39,34.88,35.1,35.32,36.92
"KADAPA","KODUR",33.08,34.82,35.01,32.96,33.65,33.1,35.19,34.6,35.46,36.62
"KADAPA","KONDAPURAM",31.83,34.07,34.57,31.52,32.07,33.24,35.18,34.42,35.43,35.75
"KADAPA","LAKKIREDDIPALLE",30.98,33.07,33.39,31.47,32.12,32.97,33.79,33.06,33.37,34.2
"KADAPA","LINGALA",32.78,34.87,34.42,33.24,32.32,33.74,34.58,34.49,34.41,35.42
"KADAPA","MUDDANUR",31.58,33.38,33.84,33.19,31.54,33.61,34.3,35.24,35.24,36.5
"KADAPA","MYLAVARAM",32.01,34.48,34.42,31.88,31.64,33.28,34.46,34.51,35.21,35.86
"KADAPA","NANDALUR",32.64,34.96,34.68,33.67,33.06,33.61,34.83,34.62,35.24,36.16
"KADAPA","NARSAPUR",31.39,33.38,35.48,31.55,30.64,32.85,34.1,34.06,34.4,36.17
"KADAPA","OBULAVARIPALLE",33.44,35.24,35.85,33.64,33.84,33.54,35.32,34.99,35.73,36.92
"KADAPA","PEDDAMUDIUM",32.7,34.48,34.46,32.11,31.82,33.43,34.65,34.51,35.14,36.06
"KADAPA","PENAGALURU",32.87,34.82,35.2,33.67,33.59,33.07,35.38,34.84,35.68,36.55
"KADAPA","PENDLIMARRI",31.84,34.49,34.9,34.03,32.11,34.41,34.74,34.69,34.66,36.61
"KADAPA","PORUMAMILLA",31.49,34.42,35.81,31.33,31.46,33.21,34.15,34.32,34.82,36.37
"KADAPA","PRODDUTUR",32.04,34.45,35.81,33.35,32.37,33.97,34.36,35.05,35.21,36.66
"KADAPA","PULIVENDLA",32.78,34.87,33.89,33.55,32.32,34.19,35.13,35.23,35.18,36.34
"KADAPA","PULLAMPETA",33.44,35.24,35.85,33.92,33.95,33.54,35.94,35.01,35.95,36.92
"KADAPA","RAJAMPET",33.34,35.04,35.59,33.92,33.95,33.38,35.94,35.01,35.95,36.67
"KADAPA","RAJUPALEM",31.98,34.31,34.89,32.89,32.37,33.94,34.65,34.79,35.01,36.66
"KADAPA","RAMAPURAM",31.01,33.38,33.39,31.88,32.37,32.69,34.05,33.18,33.52,34.53
"KADAPA","ROYACHOTI",31.33,33.65,33.56,32.1,32.4,32.97,34.58,33.68,33.76,34.53
"KADAPA","SAMBEPALLE",31.59,33.77,33.78,32.1,32.4,32.75,34.58,33.93,33.76,34.53
"KADAPA","SIDHOUT",32.28,34.73,34.48,33.41,32.07,33.16,34.58,34.41,34.82,36.05
"KADAPA","SIMHADRIPURAM",32.78,34.87,34.09,33.24,32.32,33.74,35.07,34.77,35.24,35.89
"KADAPA","SMYDUKUR",31.84,34.52,35.56,32.8,32.14,33.61,34.24,34.74,35.29,36.67
"KADAPA","THANDUR",32.78,34.87,33.89,33.66,32.32,34.19,35.13,35.54,35.41,36.64
"KADAPA","TSUNDUPALLE",31.97,34.12,34.14,31.94,32.61,31.99,34.52,34.06,33.98,34.67
"KADAPA","VALLUR",32.04,34.7,35.34,34.32,32.18,34.41,34.88,35.1,35.32,36.92
"KADAPA","VEERABALLE",31.01,33.38,33.29,31.88,32.37,32.57,34.05,33.18,33.52,34.53
"KADAPA","VEERAPUNAYUNIPALLE",32.48,34.43,34.23,33.66,31.95,33.96,34.83,35.24,35.41,36.64
"KADAPA","VEMPALLE",32.48,34.43,33.4,33.66,31.95,33.96,34.83,35.04,35.41,36.64
"KADAPA","VEMULA",32.48,34.43,33.4,33.66,31.95,33.96,34.83,35.04,35.41,36.64
"KADAPA","VONTIMITTA",32.84,35.62,35.12,33.74,33.09,33.77,34.99,34.94,35.18,36.45
"KADAPA","YERRAGUNTLA",32.06,34.45,35.81,33.35,32.18,34.3,34.54,35.15,35.21,36.64
"KRISHNA","AGIRIPALLE",32.28,35.82,34.75,29.66,27.91,31.46,34.3,34.15,33.21,33.17
"KRISHNA","AKONDURU",33.19,35.84,34.79,28.42,28.57,30.71,32.58,33.42,32.62,31.78
"KRISHNA","AVANIGADA",32.13,34.18,35.32,29.58,28.71,30.47,34.79,34.34,32.84,33.56
"KRISHNA","BANTUMILLI",32,35.07,34.39,29.36,28.32,29.58,34.88,34.53,33.17,33.51
"KRISHNA","BAPULAPAD",32.32,35.93,34.75,29.94,27.7,31.44,34.58,34.53,33.62,33.28
"KRISHNA","CHALLAPALLE",32.61,35.34,34.92,29.91,28.21,29.68,34.72,34.17,32.95,33.73
"KRISHNA","CHANDARLAPADU",33.48,35.96,36.21,30.91,29.46,32.25,34.22,34.92,34.14,34.45
"KRISHNA","CHATRAI",32.53,35.32,34.48,27.81,28.24,30.6,32.93,33.51,31.86,32.06
"KRISHNA","GAMPALAGUDEM",34.36,36.93,35.79,28.55,28.94,30.71,33.1,33.76,33.37,32.01
"KRISHNA","GANNAVARAM",32.2,36.26,35.14,30.28,28.32,31.46,34.5,34.63,33.75,33.65
"KRISHNA","GHANTASALA",32.61,35.56,34.92,29.91,28.19,29.64,34.75,34.37,32.95,33.76
"KRISHNA","GKONDURU",32.81,35.92,35.1,29.84,28.53,31.3,33.96,34.23,33.34,33.24
"KRISHNA","GUDIVADA",32.49,35.77,34.9,29.88,27.78,30.77,34.57,34.54,33.65,33.49
"KRISHNA","GUDLAVALLERU",32.07,35.65,34.6,29.64,27.86,30.02,34.82,34.49,33.5,33.67
"KRISHNA","GUDURKRISHNA",32.11,35.67,34.9,29.78,27.97,29.49,35,34.48,33.07,33.85
"KRISHNA","IBRAHIMPATNAM",32.78,36.01,36.07,30.61,28.96,31.94,34.29,34.7,33.89,33.85
"KRISHNA","JAGGAYYAPETA",33.83,36.38,36.03,29.86,29.46,32,33.71,34.43,34.28,33.26
"KRISHNA","KAIKALUR",32.39,34.77,34.4,28.77,27.84,29.91,34.68,34.37,33.04,33.28
"KRISHNA","KALIDINDI",32.39,34.77,34.4,29.17,28.34,29.66,34.68,34.37,33.04,33.28
"KRISHNA","KANCHIKACHERLA",33.26,36.23,36.21,30.86,29.33,32.22,34.29,34.87,34.04,34.21
"KRISHNA","KANKIPADU",32.38,36.1,35.48,30.42,28.47,31.11,34.5,34.7,34.03,33.99
"KRISHNA","KODURU",32.13,34.77,35.2,29.91,28.98,30.47,34.79,34.34,32.67,33.56
"KRISHNA","KRUTHIVENNU",31.55,33.9,34.35,29.35,28.48,29.33,34.72,34.31,32.92,33.23
"KRISHNA","MACHILIPATNAM",32.16,35.67,35.04,30.08,28.58,30.19,35,34.48,32.81,33.85
"KRISHNA","MANDAVALLI",32.11,34.95,34.46,29.48,27.7,30.86,34.55,34.43,33.32,33.23
"KRISHNA","MOPIDEVI",32.13,34.77,35.32,29.91,28.71,30.47,34.79,34.34,32.84,33.56
"KRISHNA","MOVVA",32.61,35.57,34.84,29.74,28,29.57,34.75,34.49,33.37,33.76
"KRISHNA","MUDINAPALLE",32.11,34.98,34.4,29.48,28,30.25,34.88,34.53,33.32,33.35
"KRISHNA","MUSUNURU",32.39,35.52,34.62,28.41,28,31,33.9,33.67,32.31,32.82
"KRISHNA","MYLAVARAMKRISHNA",32.57,35.65,34.79,29.06,28.13,31.3,33.16,33.68,32.73,32.79
"KRISHNA","NAGAYALANKA",31.74,34.09,35.32,29.63,29.87,30.72,34.68,34.09,32.84,33.51
"KRISHNA","NANDIGAMA",34.28,36.74,36.31,30.31,29.46,31.74,33.65,34.43,34.12,33.2
"KRISHNA","NANDIVADA",32.32,35.93,34.75,29.94,27.7,31.28,34.58,34.53,33.62,33.28
"KRISHNA","NUZVID",32.57,35.68,34.57,29.08,27.99,31.46,34.08,33.74,32.71,33.01
"KRISHNA","PAMARRU",32.43,35.57,34.84,29.64,27.75,30.02,34.68,34.49,33.5,33.71
"KRISHNA","PAMIDIMUKKALA",32.75,35.77,35.39,29.88,28.08,30.36,34.55,34.54,33.65,34.01
"KRISHNA","PEDANA",32.07,35.65,34.43,29.36,28.02,29.74,34.88,34.53,33.31,33.67
"KRISHNA","PEDAPARUPUDI",32.49,35.93,34.9,29.94,27.7,31.03,34.58,34.54,33.65,33.49
"KRISHNA","PENAMALURU",32.38,36.26,35.48,30.42,28.47,31.24,34.5,34.7,34.03,33.99
"KRISHNA","PENUGANCHIPROLU",33.97,36.27,36.21,29.86,29.46,31.6,33.66,34.43,34.12,33.06
"KRISHNA","REDDIGUDEM",32.57,35.65,34.76,28.67,28.08,31.16,32.58,33.51,32.59,32.48
"KRISHNA","THOTLAVALLURU",32.66,36.1,35.48,30.42,28.47,30.69,34.5,34.7,34.03,33.99
"KRISHNA","TIRUVURU",33.9,36.48,34.62,28.42,28.85,30.57,32.94,33.71,33.14,31.9
"KRISHNA","UNGUTURU",32.32,35.99,34.84,29.98,27.69,31.36,34.58,34.53,33.62,33.28
"KRISHNA","VATSAVAI",34.15,36.49,36.21,29.52,29.27,31.49,33.71,34.15,34.11,32.81
"KRISHNA","VEERULLAPADU",34.28,36.74,36.31,30.31,29.33,31.74,33.6,34.32,33.79,33.2
"KRISHNA","VIJAYAWADARURAL",32.58,36.52,35.42,30.7,29.02,31.64,34.57,34.93,34.09,34.18
"KRISHNA","VIJAYAWADAURBAN",32.58,36.52,35.42,30.7,29.02,31.64,34.57,34.93,34.09,34.18
"KRISHNA","VISSANNAPET",33.33,35.56,34.57,28.25,28.39,30.52,32.6,33.42,32.12,31.82
"KRISHNA","VUYYURU",32.49,35.77,34.96,30,27.86,30.52,34.55,34.54,33.71,33.59
"KURNOOL","ADONI",30.35,31.7,32.75,31.14,29.8,30.94,30.21,31.68,32.99,33.12
"KURNOOL","ALLAGADDA",31.92,33.71,34.46,32.11,31.18,32.74,33.96,33.35,34.29,34.91
"KURNOOL","ALUR",28.79,31.01,32.48,30.49,28.82,30.24,30.97,31.18,32.36,32.21
"KURNOOL","ASPARI",28.22,31.73,32.1,30.86,28.75,30.44,31.66,31.42,32.46,32.54
"KURNOOL","ATMAKURKURNOOL",29.82,30.62,31.92,29.55,27.43,29.24,31.1,31.52,32.18,32.03
"KURNOOL","BANAGANAPALLE",33.06,34.48,34.7,32.11,31.93,32.78,34.63,34.51,35.2,35.23
"KURNOOL","BANDIATMAKUR",31.28,32.79,33.9,30.88,29.72,31.03,33.33,32.68,33.45,33.39
"KURNOOL","BETHAMCHERLA",31.72,33.24,32.42,30.89,30.08,31.3,32.57,32.95,33.86,33.78
"KURNOOL","CBELAGAL",30.16,31.85,33.12,30.88,29.33,31.19,31.02,31.57,32.95,33.98
"KURNOOL","CHAGALAMARRI",31.7,33.85,33.89,31.66,31.8,33.43,34.65,34.1,34.79,36.06
"KURNOOL","CHIPPAGIRI",31.12,33.09,33.29,31.42,30.09,31.19,33.21,32.1,33.2,33.42
"KURNOOL","DEVANAKONDA",28.1,31.73,31.84,29.97,28.36,30.44,31.08,31.03,32.07,32.26
"KURNOOL","DHONE",29.64,31.98,31.03,30.11,28.46,30.58,31.82,31.51,32.53,32.45
"KURNOOL","DORNIPADU",32.15,33.93,34.42,31.95,31.33,31.93,33.44,33.46,33.96,34.66
"KURNOOL","GADIVEMULA",31.57,31.85,33.4,30.53,29.32,30.64,33.08,32.63,33.07,33.45
"KURNOOL","GONEGANDLA",30.16,31.73,32.93,30.63,28.8,31.19,31.08,31.34,32.46,33.31
"KURNOOL","GOSPADU",32.03,33.93,34.42,31.83,31.33,31.88,33.19,33.4,33.96,34.51
"KURNOOL","GUDURKURNOOL",30.14,31.57,32.12,30.32,28.94,30.75,32.32,31.23,32.84,33.76
"KURNOOL","HALAHARVI",31.12,33.09,33.62,31.3,30.27,31.19,33.21,32.26,33.42,33.41
"KURNOOL","HOLAGUNDA",29.65,32.59,33.15,31.05,30.28,31,31.22,32.13,33.42,33.81
"KURNOOL","JUPADUBUNGALOW",31.33,31.21,32.09,29.72,28.57,29.94,31.97,31.79,32.65,33.12
"KURNOOL","KALLUR",29.93,31.7,31.8,30.14,28.94,30.78,32.57,31.23,32.84,33.76
"KURNOOL","KODUMUR",29.8,31.7,32.29,30.03,28.66,30.88,32.32,31.21,32.74,33.14
"KURNOOL","KOILKUNTLA",32.89,34.38,34.7,32.11,31.93,32.63,34.4,34.26,34.76,35.2
"KURNOOL","KOLIMIGUNDLA",32.47,34.43,34.14,31.69,31.43,32.39,34.36,34.15,35.29,35.82
"KURNOOL","KOSIGI",30.8,31.99,33.71,30.97,29.55,31.55,30.16,32.09,33.04,33.42
"KURNOOL","KOTHAPALLE",30.07,30.95,32.09,29.33,28.39,29.86,31.24,31.35,31.98,32.31
"KURNOOL","KOWTHALAM",30.83,31.79,33.54,31.25,29.86,31.55,29.73,31.85,32.75,33.17
"KURNOOL","KRISHNAGIRI",29.34,31.76,31.54,30.09,28.5,30.78,32.16,31.21,32.4,32.45
"KURNOOL","KURNOOL",30.36,31.56,33,30.36,29.36,30.58,32.57,31.42,33.1,34.06
"KURNOOL","MADDIKERAEAST",29.84,32.34,32.37,31.42,29.59,30.78,32.27,31.92,33.01,33.22
"KURNOOL","MAHANANDI",31.48,33.46,34.12,31.63,30.41,31.27,33.33,32.7,33.46,33.81
"KURNOOL","MANTRALAYAM",30.75,31.99,33.12,31.08,29.46,31.25,30.01,31.99,33.05,33.17
"KURNOOL","MIDTHUR",31.57,31.34,32.59,29.95,28.74,30.35,32.58,32.26,32.77,33.42
"KURNOOL","NANDAVARAM",30.46,32.06,33.03,31.08,29.46,31.19,30.01,31.99,33.05,33.59
"KURNOOL","NANDIKOTKUR",30.75,31.31,32.53,29.86,28.82,30.19,32.36,30.84,32.77,33.42
"KURNOOL","NANDYAL",32.03,33.85,34.29,31.74,30.63,31.68,33.33,33.17,33.95,34.17
"KURNOOL","ORVAKAL",29.58,31.6,31.51,29.55,28.55,30.57,32.57,31.31,32.74,32.98
"KURNOOL","OWK",33.06,34.48,33.91,31.99,31.68,32.78,34.63,34.51,35.29,35.49
"KURNOOL","PAGIDYALA",30.75,31.01,32.09,29.63,28.57,29.86,31.46,31.05,32.04,32.7
"KURNOOL","PAMULAPADU",31.57,31.34,32.59,30,28.74,30.1,32.57,32.26,32.8,33.25
"KURNOOL","PANYAM",32.5,34.02,34.29,31.74,30.85,31.99,32.86,33.57,34.36,34.42
"KURNOOL","PATTIKANDA",28,31.49,32.1,30.86,28.75,30.22,31.66,31.42,32.46,32.42
"KURNOOL","PEAPALLY",30.45,33.76,33.31,31.02,29.78,31.35,32.99,33.28,34.32,34.53
"KURNOOL","PEDDAKADUBUR",30.35,31.73,32.7,30.91,29.11,30.78,29.48,31.51,32.65,32.9
"KURNOOL","RUDRAVARAM",31.67,33.42,34.07,31.95,30.85,31.89,33.02,32.98,33.71,34.2
"KURNOOL","SANJAMALA",33.06,34.48,34.28,32.08,31.93,32.78,34.63,34.51,35.29,35.51
"KURNOOL","SIRVEL",31.48,33.46,34.12,31.7,30.85,31.41,33.19,32.73,33.46,33.98
"KURNOOL","SRISAILAM",27.84,29.51,30.43,27.23,25.28,27.39,28.75,29.13,29.68,31.03
"KURNOOL","TUGGALI",29.73,32.27,32.68,31.24,29.56,30.72,32.11,32.09,33.12,33.44
"KURNOOL","UYYALAWADA",32.7,34.35,34.46,32.11,31.82,32.78,34.55,34.09,34.95,35.51
"KURNOOL","VELDURTHIKURNOOL",29.34,31.95,31.54,30.09,28.5,30.78,32.16,31.42,32.4,32.45
"KURNOOL","VELGODE",31.39,31.43,32.89,30.36,28.82,30.19,32.65,32.6,32.73,33.45
"KURNOOL","YEMMIGANUR",30.16,31.7,32.93,30.82,29.03,31.19,30.27,31.49,32.66,32.86
"NELLORE","ALLUR",33.01,36.38,37,33.8,34.37,34.52,36.5,36.44,35.9,37.3
"NELLORE","ANANTHASAGARAM",33.48,36.49,37.01,33.69,34.15,35.47,36.65,36.82,36.3,38.26
"NELLORE","ANUMASAMUDRAMPETA",33.62,36.48,36.92,33.72,34.46,35.86,36.57,36.69,35.99,38.17
"NELLORE","ATMAKURNELLORE",33.83,36.49,37.03,33.72,34.46,35.53,36.65,36.82,36.3,38.3
"NELLORE","BALAYAPALLE",33.03,36.85,37.14,34.72,35.46,33.88,36.77,36.94,37.07,38.8
"NELLORE","BOGOLE",32.73,36.02,36.78,32.92,33.36,34.78,36.4,36.38,35.6,37.26
"NELLORE","BUCCHIREDDIPALEM",33.06,36.23,37.2,34.32,35.07,34.88,36.3,36.73,36.49,37.87
"NELLORE","CHEJERLA",33.51,36.49,37.12,34.3,34.46,35.47,36.65,36.91,36.38,38.5
"NELLORE","CHILLAKUR",31.99,35.9,36.4,34.35,35,34.11,35.99,36.32,36.48,38.11
"NELLORE","CHITTAMUR",31.75,35.37,35.45,33.72,34.46,32.6,35.24,35.87,35.68,36.94
"NELLORE","DAGADARTHI",33.28,36.38,37,33.8,34.37,35.78,36.5,36.44,35.9,37.56
"NELLORE","DAKKILI",33.17,36.85,37.14,34.72,35.46,33.88,36.77,36.94,37.07,38.8
"NELLORE","DORAVARISATRAM",32.19,36.01,35.45,34.17,34.95,32.21,34.99,36.16,36.07,36.94
"NELLORE","DUTTALUR",33.45,35.56,35.78,32.36,32.82,35.14,35.79,35.67,35.46,37.41
"NELLORE","GUDUR",33.01,36.85,37.14,34.85,35.46,34.44,36.77,36.94,37.07,38.8
"NELLORE","INDUKURPET",32.03,35.87,36.96,34.13,34.61,33.83,35.94,35.76,35.12,36.23
"NELLORE","JALADANKI",32.79,36.02,36.96,33.14,33.36,34.91,36.43,36.51,36.07,37.58
"NELLORE","KALIGIRI",33.53,36.15,36.78,33.14,33.73,35.86,36.49,36.46,35.91,37.7
"NELLORE","KALUVOYA",33.17,36.35,37.12,34.57,34.39,34.88,36.47,36.91,36.38,38.5
"NELLORE","KAVALI",32.56,35.7,37,33.09,33.32,34.58,36.38,36.56,35.95,37.28
"NELLORE","KODAVALUR",33.01,36.38,37.39,34.38,35.06,34.66,36.38,36.44,36.68,38.19
"NELLORE","KONDAPURAMNELLORE",32.41,35.63,36.96,33.14,33,34.22,36.52,36.51,36.07,37.58
"NELLORE","KOTA",31.25,35.52,35.68,33.86,34.76,33.47,35.74,35.91,36.2,36.73
"NELLORE","KOVUR",33.06,36.38,37.39,34.38,35.07,34.88,36.38,36.44,36.68,38.19
"NELLORE","MANUBOLU",32.8,36.27,37.53,35.33,35.57,34.89,36.49,36.87,36.66,38.5
"NELLORE","MARRIPADU",33.83,35.96,36.39,32.92,33.61,35.46,36.22,36.45,35.68,38
"NELLORE","MUTHUKUR",31.58,36.04,37.18,34.94,35.42,34.61,36.08,36.05,36.18,37.55
"NELLORE","NAIDUPETA",31.71,35.74,35.34,33.72,34.79,32.6,35.6,35.87,36.02,36.94
"NELLORE","NELLOREMANDAL",33.06,36.37,37.62,35.05,35.57,35.37,36.3,36.73,36.71,38.31
"NELLORE","OJILI",32.81,36.24,36.04,33.99,35.12,32.6,36.16,36.21,36.37,38.01
"NELLORE","PELLAKUR",32.17,35.35,34.78,33.8,35.03,32.18,35.4,35.93,36.07,36.78
"NELLORE","PODLAKUR",33.51,36.48,37.53,35.25,35.09,35.47,36.57,37.1,36.48,38.69
"NELLORE","RAPUR",32.91,35.95,36.04,34.57,34.79,34.8,36.13,36.59,36.45,38.47
"NELLORE","SANGAM",33.53,36.48,36.98,34.25,34.95,35.86,36.57,36.73,36.13,38.17
"NELLORE","SEETHARAMAPURAM",31.12,33.88,34.76,30.45,30.18,32.11,33.05,33.3,34.35,35.48
"NELLORE","SULLURPETA",32.19,36.01,35.45,34.17,34.95,32,34.69,36.16,36.07,36.72
"NELLORE","SYDAPURAM",33.17,36.85,37.53,35.25,35.46,35.04,36.86,37.18,37.07,38.86
"NELLORE","TADA",32.16,36.13,35.37,34.17,35.07,31.89,34.69,36.01,35.73,36.15
"NELLORE","THOTAPALLIGUDUR",32.27,36.26,37.62,34.96,35.57,34.94,36.29,36.13,36.71,37.98
"NELLORE","UDAYAGIRI",33,35.56,35.84,31.5,32.31,34.41,35.44,35.16,35.55,37.09
"NELLORE","VAKADU",31.19,35.37,35.04,33.66,34.46,33.08,35.24,35.62,35.68,36.28
"NELLORE","VARIKUNTAPADU",33.09,35.73,36.18,31.92,32.31,34.41,35.71,35.29,35.77,37.22
"NELLORE","VENKATACHALAM",32.77,36.37,37.62,35.33,35.57,35.37,36.49,36.87,36.71,38.5
"NELLORE","VENKATAGIRI",33.03,35.9,35.62,33.6,35.04,31.93,35.6,35.66,35.95,37.39
"NELLORE","VIDAVALUR",33.01,36.38,37,33.88,34.37,34.52,36.38,36.44,35.9,37.3
"NELLORE","VINJAMUR",33.83,35.96,36.39,32.92,33.61,35.46,36.22,36.45,35.73,37.8
"PRAKASAM","ADDANKI",33.89,35.04,36.43,32.52,30.89,31.1,34.72,35.73,35.26,35.45
"PRAKASAM","ARDHAVEEDU",33.22,33.29,34.45,30.72,28.11,30.49,33.43,33.9,34.46,34.39
"PRAKASAM","BALLIKURUVA",33.98,35.38,36.34,31.67,30.47,30.65,34.46,35.62,35.36,35.45
"PRAKASAM","BESTAVARIPETA",33.22,33.34,34.5,31.25,28.7,30.78,33.85,34.15,34.61,34.48
"PRAKASAM","CHADRASEKARAPURAM",32.87,35.29,36.01,31.54,31.32,32.88,34.68,34.62,35.66,36.56
"PRAKASAM","CHIMAKURTHI",32.87,35.06,36.23,32.89,30.89,31.64,34.83,35.76,34.7,34.92
"PRAKASAM","CHINAGANJAM",33.67,35.12,36.26,31.13,31,31.52,34.5,35.28,34.65,35.14
"PRAKASAM","CHIRALA",33.14,35.52,36.01,30.63,30.57,30.6,34.38,34.93,34.37,34.86
"PRAKASAM","CUMBUM",33.22,33.87,34.5,31.25,28.59,30.78,33.85,34.15,34.7,34.64
"PRAKASAM","DARSI",33.76,35.45,36.31,32.85,30.77,31.74,34.93,35.63,35.26,35.64
"PRAKASAM","DONAKONDA",33.73,34.65,35.28,31.77,29.64,31.1,34.44,34.56,34.89,35.42
"PRAKASAM","DORNALA",31.14,31.4,32.53,29.16,26.94,28.61,31.9,31.92,32.23,32.62
"PRAKASAM","GIDDALURU",30.64,32.98,34.01,30.77,28.71,30.78,32.43,32.38,33.75,34.3
"PRAKASAM","GUDLURU",32.5,35.38,36.98,33.09,32.68,34.13,36.41,36.56,36.07,37.48
"PRAKASAM","HANUMANTHUNIPADU",32.86,34.21,34.67,31.07,29.95,31.64,33.75,34.03,34.53,34.48
"PRAKASAM","INKOLLU",33.7,35.42,36.5,31.46,31,31.29,34.57,35.48,34.98,35.5
"PRAKASAM","JANAKAVARAMPANGULU",33.92,35.26,36.43,32.02,30.69,30.99,34.61,35.6,35.17,35.5
"PRAKASAM","KANDUKUR",32.5,35.08,36.7,32.91,31.95,33.07,36.11,36.21,35.68,36.44
"PRAKASAM","KANIGIRI",33.12,35.24,35.18,32.13,31.09,32.91,35.15,34.76,35.23,35.5
"PRAKASAM","KARAMCHEDU",33.53,35.59,36.5,31.05,30.57,30.6,34.46,35.29,34.65,35.22
"PRAKASAM","KOMAROLU",30.64,32.98,33.93,30.58,29.15,30.8,32.32,32.48,33.75,34.56
"PRAKASAM","KONAKANAMITLA",33.73,34.98,35.93,32.08,30.1,31.44,34.52,34.79,35.03,35.64
"PRAKASAM","KONDAPI",32.27,34.68,35.78,32.3,30.14,31.64,34.5,35.26,34.66,35.03
"PRAKASAM","KORISAPADU",33.78,34.96,36.43,32.24,31.14,31.35,34.72,35.73,35,35.44
"PRAKASAM","KOTHAPATNAM",32.89,35.04,36.4,32.78,31,31.83,34.44,36.1,35.3,35.5
"PRAKASAM","KURICHEDU",34.26,34.2,35.65,31.21,30.07,30.72,34.19,35.13,35.23,35.23
"PRAKASAM","LINGASAMUDRAM",32.47,35.63,36.96,33.09,32.84,34.07,36.52,36.51,36.07,37.51
"PRAKASAM","MADDIPADU",33.17,35.02,36.48,32.75,31.25,31.65,34.72,35.88,34.8,35.17
"PRAKASAM","MARKAPUR",33.73,34.09,34.5,31.84,29.02,31.03,34.19,34.56,34.76,34.81
"PRAKASAM","MARRIPUDI",32.78,35.45,35.96,32.85,30.32,32.14,34.93,35.26,35.26,35.73
"PRAKASAM","MARTUR",33.79,35.35,36.43,31.64,30.28,30.69,34.57,35.6,35.17,35.5
"PRAKASAM","MUNDLAMURU",33.95,35.01,36.32,32.52,30.77,30.99,34.66,35.65,35.28,35.45
"PRAKASAM","NAGULUPPALAPADU",33.67,35.12,36.48,32.24,31.25,31.65,34.72,35.82,34.8,35.17
"PRAKASAM","ONGOLE",33.08,35.04,36.48,32.78,31.25,31.83,34.66,36.1,35.3,35.5
"PRAKASAM","PAMUR",32.97,35.49,36.21,32.47,32.61,34.18,36.18,35.93,35.7,37.44
"PRAKASAM","PARCHUR",33.53,35.7,36.53,31.05,30.35,30.55,34.46,35.29,34.65,35.22
"PRAKASAM","PEDAARAVEEDU",33.64,34.15,35.01,31.33,28.77,30.68,33.75,34.21,34.32,34.51
"PRAKASAM","PEDACHERLOPALLE",33.01,34.99,35.17,32.03,31.32,33.3,35.6,35.18,35.23,35.33
"PRAKASAM","PODILI",33.73,35.45,36.31,32.85,30.52,31.74,34.93,35.42,35.26,35.73
"PRAKASAM","PONNALURU",32.43,34.74,36.21,32.38,31.29,32.82,35.38,35.31,35.27,35.51
"PRAKASAM","PULLALACHERUVU",33.54,34.52,35.35,30.28,29.36,30.86,34.1,34.96,35.4,35.01
"PRAKASAM","RACHERLA",32.36,33.87,34.15,30.92,28.59,30.72,33.13,33.54,34.7,34.64
"PRAKASAM","SANTHAMAGULURU",33.98,35.07,36.15,31.08,29.78,30.43,34.29,35.42,35.36,35.36
"PRAKASAM","SANTHANUTHLAPADU",33.02,34.85,36.29,32.89,31.13,31.44,34.8,35.96,34.77,35.12
"PRAKASAM","SINGARAYAKONDA",31.97,34.34,36.29,32.03,30.78,31.27,34.96,35.35,34.43,35.23
"PRAKASAM","TANGUTUR",32.43,34.68,36,32.49,30.47,31.58,34.35,35.63,34.84,35.23
"PRAKASAM","TARLAPADU",33.73,34.45,34.79,31.88,29.29,31.11,34.4,34.56,35.03,35.14
"PRAKASAM","THALLUR",33.75,35.45,36.32,32.85,30.89,31.74,34.93,35.73,35.26,35.56
"PRAKASAM","TRIPURANTHAKAM",34.26,34.06,35.64,30.94,29.36,30.86,34.19,34.96,35.4,35.01
"PRAKASAM","ULAVAPADU",32.5,35.08,36.7,32.91,31.95,33.07,36.11,36.21,35.68,36.44
"PRAKASAM","VELIGANDLA",33.12,34.95,34.76,31.14,30.64,32.55,34.85,34.49,34.82,34.91
"PRAKASAM","VETAPALEM",33.11,35.04,35.9,30.63,30.57,31.02,34.29,34.93,34.37,34.86
"PRAKASAM","VOLETIVARIPALEM",32.5,35.08,36.7,32.91,32.23,33.89,36.15,36.21,35.82,36.51
"PRAKASAM","YEDDANAPUDI",33.53,35.59,36.5,31.05,30.33,30.55,34.46,35.29,34.86,35.28
"PRAKASAM","YERRAGONDAPALEM",33.67,34.15,35.28,31.14,29.1,30.71,33.82,34.4,34.96,34.69
"PRAKASAM","ZARUGUMILLI",32.43,34.68,36.21,32.38,31.07,32.24,35.16,35.54,35.1,35.39
"SRIKAKULAM","AMADALAVALASA",32.81,33.7,33.97,30.53,29.08,29.51,33.71,34.17,31.71,29.79
"SRIKAKULAM","BHAMINI",33.08,33.49,32.75,30.27,28.14,30.08,32.9,31.68,30,29.03
"SRIKAKULAM","BURJA",32.81,33.69,33.57,30.53,28.66,29.33,33.29,33.63,31.71,29.42
"SRIKAKULAM","ETCHERLA",31.78,32.88,33.66,29.75,28.49,29.16,33.22,33.74,30.45,30.18
"SRIKAKULAM","GANGUVARISINGADAM",32.62,33.83,33.96,30.77,29.08,29.24,33.57,34.09,30.7,29.67
"SRIKAKULAM","GARA",31.54,32.28,33.19,29.38,28.46,29.16,32.77,33.48,29.96,29.79
"SRIKAKULAM","HIRAMANDALAM",32.75,33.28,33.19,29.88,27.97,29.53,33.05,32.84,31.81,29.23
"SRIKAKULAM","ICHCHAPURAM",32.22,33.86,33.66,30.27,29.3,32.68,33.77,32.23,30.15,28.81
"SRIKAKULAM","JALUMURU",32.87,33.31,34.07,30.17,28.49,30.16,33.77,33.82,31.71,29.26
"SRIKAKULAM","KANCHILI",32.22,33.86,33.77,30.27,29.3,32.68,33.77,32.34,30.15,29.53
"SRIKAKULAM","KAVITI",32.22,33.86,33.77,30.27,29.3,32.68,33.77,32.34,30.15,29.53
"SRIKAKULAM","KOTABOMMAL",32.44,33.06,34.07,29.73,28.83,30.16,33.77,33.82,30.82,29.24
"SRIKAKULAM","KOTHURU",32.56,33.28,32.87,29.34,28.07,29.82,33.11,32.82,30.67,29.23
"SRIKAKULAM","LAVERU",31.78,33.25,33.66,30.16,28.55,28.9,33.27,33.74,31.23,30.39
"SRIKAKULAM","LAXMINARASAMPET",32.75,33.08,33.19,29.88,27.94,29.38,32.93,32.84,31.81,29.15
"SRIKAKULAM","MANDASA",31.61,33.13,33.19,29.64,28.83,31.55,33.46,32.28,30.25,29.81
"SRIKAKULAM","MELIAPUTTI",31.84,33.13,32.88,29.52,28.46,30.61,33.36,32.7,30.68,28.91
"SRIKAKULAM","NANDIGAM",31.73,32.92,33.04,29.66,28.82,30.44,33.36,32.7,30.68,29.3
"SRIKAKULAM","NARASANNAPETA",32.87,33.3,34.07,29.94,28.83,30.16,33.77,34.17,31.37,29.39
"SRIKAKULAM","PALAKONDA",32.5,33.61,33.32,30.38,27.68,29.36,33,33.12,31.42,28.89
"SRIKAKULAM","PALASA",31.73,33.13,33.19,29.66,28.83,30.77,33.36,32.7,30.68,29.2
"SRIKAKULAM","PATHAPATNAM",32.56,33.28,33.04,29.56,28.07,29.82,33.11,32.82,30.62,29.23
"SRIKAKULAM","POLAKI",32.22,32.88,33.94,29.52,28.83,30.15,33.61,34.17,30.4,29.43
"SRIKAKULAM","PONDURU",32.59,33.7,33.96,30.25,29.08,29.24,33.57,34.09,30.7,29.89
"SRIKAKULAM","RAJAM",33.2,34.36,34.18,31.2,29.08,29.32,33.63,34.35,32,29.59
"SRIKAKULAM","RANASTALAM",31.47,33.24,33.74,30.63,28.4,28.52,33.18,32.99,31.76,30.9
"SRIKAKULAM","REGIDIAMADALAVALASA",33.31,34.36,34.18,31.25,28.66,29.79,33.74,34.35,32.07,29.59
"SRIKAKULAM","SANTHABOMMALI",31.64,32.47,33.3,29.52,28.75,30.21,33.25,33.01,30.53,29.33
"SRIKAKULAM","SANTHAKAVITI",33.08,34.28,33.99,30.97,29.08,29.33,33.57,34.12,31.71,29.67
"SRIKAKULAM","SARAVAKOTA",32.87,33.3,34.07,29.94,28.44,30.16,33.77,33.82,31.37,29.23
"SRIKAKULAM","SARUBUJJILI",32.87,33.31,33.88,30.17,28.49,29.6,33.63,33.65,31.81,29.26
"SRIKAKULAM","SEETHAMPETA",32.77,33.28,32.93,30.06,27.94,29.38,32.71,32.84,31.81,29.15
"SRIKAKULAM","SOMPETA",31.36,32.77,32.83,29.64,28.74,31.55,33.46,32.18,29.9,29.81
"SRIKAKULAM","SRIKAKULAMMANDAL",32.5,33.3,33.97,29.7,28.8,29.69,33.71,34.17,30.43,29.79
"SRIKAKULAM","TEKKALI",31.64,32.78,33.04,29.52,28.71,30.21,33.25,32.73,30.53,29
"SRIKAKULAM","VAJRAPUKOTHURU",31.49,32.77,33.19,29.66,28.83,30.77,32.83,32.68,30.53,29.58
"SRIKAKULAM","VANGARA",33.42,34.36,34.18,31.39,28.61,30.05,33.74,34.35,32.07,29.59
"SRIKAKULAM","VEERAGHATTAM",33.31,34.2,33.96,31.25,28.21,29.79,33.74,33.65,32.07,29.45
"VISHAKAPATNAM","ANAKAPALLE",31.95,34.18,33.92,30.72,30.33,31.71,34.16,35.65,33.46,30.53
"VISHAKAPATNAM","ANANDAPURAM",32.64,33.97,34.06,31.33,29.43,31.78,33.57,33.95,32.43,31.03
"VISHAKAPATNAM","ANANTHAGIRI",31.97,32.72,32.99,31.44,29.28,31.18,34.02,34.37,32.4,29.53
"VISHAKAPATNAM","ARAKUVALLEY",29.71,30.41,30.18,28.42,26.32,27.08,29.96,30.48,29.53,27.49
"VISHAKAPATNAM","ATCHUTAPURAM",31.67,32.7,33.94,30.33,29.71,31.39,33.8,34.4,32.4,30.32
"VISHAKAPATNAM","BHEEMUNIPATNAM",32.04,34.06,33.91,31.16,29.21,31.44,34.29,34.12,32.15,31.23
"VISHAKAPATNAM","BUTCHAYYAPETA",33.11,34.38,34.41,31.19,30.61,32.19,35.08,35.96,34.01,30.78
"VISHAKAPATNAM","CHEEDIKADA",33.11,34,34.41,31.19,30.61,32.19,35.08,35.96,33.84,30.78
"VISHAKAPATNAM","CHINTAPALLE",30.13,31.62,30.65,27.92,26.85,28.61,31.33,31.49,30.93,27.82
"VISHAKAPATNAM","CHODAVARAM",33.11,34.18,34.41,31.2,30.61,32.19,35.08,35.96,33.84,30.78
"VISHAKAPATNAM","DEVARAPALLEVISAKHAPATNAM",32.78,34.08,34.1,31.2,30.52,31.88,34.44,35.76,33.07,30.6
"VISHAKAPATNAM","DUMBRIGUDA",28.5,27.74,25.98,23.8,22.31,23.85,25.93,25.59,25.64,23.28
"VISHAKAPATNAM","GAJUWAKA",31.5,33.03,33.68,30.71,29.94,31.16,33.97,33.96,32.45,30.46
"VISHAKAPATNAM","GANGARAJUMADUGULA",30.13,30.95,31.27,28.41,27.25,28.8,31.47,31.53,31.09,28.53
"VISHAKAPATNAM","GOLUGONDA",31.69,33.56,33.09,29.38,29.1,31.28,33.05,34.42,32.2,29.54
"VISHAKAPATNAM","GUDEMKOTHAVEEDHI",30.5,30.34,30.18,26.66,25.5,27.63,30.63,31.79,28.3,27.26
"VISHAKAPATNAM","HUKUMPETA",30.78,31.5,32.05,29.89,28.61,30.36,33.08,32.85,32.04,28.95
"VISHAKAPATNAM","KASIMKOTA",32.17,33.4,33.94,30.49,29.88,31.39,33.93,34.81,32.92,30.43
"VISHAKAPATNAM","KKOTAPADU",32.78,34.08,34.1,31.2,30.52,31.88,34.44,35.76,33.07,30.6
"VISHAKAPATNAM","KOTAURATLA",31.89,32.92,33.09,29.38,29.1,31.36,33.25,34.42,31.81,29.9
"VISHAKAPATNAM","KOYYURU",30.88,33.4,32.43,29.38,28.97,30.89,33.02,34.2,32.2,29.15
"VISHAKAPATNAM","MADUGULA",33.11,34.38,34.41,31.19,30.61,32.19,35.08,35.96,34.01,30.78
"VISHAKAPATNAM","MAKAVARAPALEM",32.17,33.46,33.07,29.98,29.58,31.46,33.38,34.95,32.82,29.82
"VISHAKAPATNAM","MUNAGAPAKA",31.67,33.02,33.94,30.49,29.88,31.39,33.93,34.4,32.92,30.43
"VISHAKAPATNAM","MUNCHINGIPUTTU",30.58,28.84,27.03,24.72,23.12,23.38,25.8,27.34,25.95,24.92
"VISHAKAPATNAM","NAKKAPALLE",30.61,31.84,32.71,28.72,28.5,31.61,32.88,33.95,30.15,29.71
"VISHAKAPATNAM","NARSIPATNAM",31.69,33.4,33.09,29.38,29.1,31.28,33.05,34.42,32.2,29.54
"VISHAKAPATNAM","NATHAVARAM",31.69,33.56,33.09,29.38,29.1,31.35,33.05,34.42,31.67,29.62
"VISHAKAPATNAM","PADERU",31.96,32.94,33.76,30.56,29.89,31.47,34.27,34.68,33.61,30.39
"VISHAKAPATNAM","PADMANABHAM",32.64,34.06,34.06,31.33,29.43,31.78,34.29,34.12,32.43,31.23
"VISHAKAPATNAM","PARAVADA",31.5,33.03,33.68,30.71,29.94,31.16,33.97,33.96,32.45,30.46
"VISHAKAPATNAM","PAYAKARAOPETA",30.61,32.7,32.71,28.5,28.38,31.61,32.88,33.95,30.15,29.84
"VISHAKAPATNAM","PEDABAYALU",29.99,28.16,26.32,24.41,22.74,23.3,25.93,27.65,25.4,24.45
"VISHAKAPATNAM","PEDAGANTYADA",31.23,32.75,33.43,30.47,29.43,30.13,33.13,33.37,31.28,30.14
"VISHAKAPATNAM","PENDURTHI",32.03,33.39,33.41,30.47,29.41,31.46,33.33,33.9,31.95,30.51
"VISHAKAPATNAM","RAMBILLI",31.67,32.7,33.94,30.33,29.71,31.39,33.8,34.4,32.4,30.32
"VISHAKAPATNAM","RAVIKAMATHAM",32.17,34.38,34.12,30.81,30.38,32.11,34.46,35.87,34.01,30.62
"VISHAKAPATNAM","ROLUGUNTA",31.92,33.46,32.91,29.98,29.58,31.46,33.5,34.95,33.25,29.81
"VISHAKAPATNAM","SABBAVARAM",32.18,33.75,33.68,30.91,29.99,31.53,33.97,34.65,32.5,30.54
"VISHAKAPATNAM","SRAYAVARAM",31.06,32.03,33.08,29.36,29.08,31.36,33.25,34.1,31.09,29.9
"VISHAKAPATNAM","VISAKHAPATNAMMANDAL",29.79,30.97,31.51,29.33,28.25,28.32,30.49,30.95,29.8,29.29
"VISHAKAPATNAM","VISAKHAPATNAMMANDAL1",31.61,33.08,33.41,30.47,29.27,31.03,33.33,33.9,31.89,30.48
"VISHAKAPATNAM","YELAMANCHILIVISAKHAPATNAM",31.94,32.7,33.54,29.94,29.43,31.39,33.8,34.4,32.4,30.2
"VIZIANAGARAM","BADANGI",33.5,34.16,33.65,32.09,28.49,29.27,33.63,33.63,32.06,29.98
"VIZIANAGARAM","BALAJIPETA",33.42,34.36,34.18,31.39,28.61,30.05,33.74,34.35,32.07,29.59
"VIZIANAGARAM","BHOGHAPURAM",32.04,34.06,34.13,31.16,29.21,31.44,34.29,34.12,32.39,31.23
"VIZIANAGARAM","BOBBILI",33.59,34.24,33.71,32.09,28.93,29.66,33.83,33.18,32.06,29.98
"VIZIANAGARAM","BONDAPALLE",32.78,34.11,33.75,31.75,28.86,30.32,33.25,33.9,31.73,29.45
"VIZIANAGARAM","CHEEPURUPALLE",31.89,33.34,33.74,30.69,28.6,28.35,33.27,33.37,31.76,30.39
"VIZIANAGARAM","DATTIRAJERU",33.5,34.16,33.63,32.09,28.44,29.46,33.63,33.9,32.06,29.98
"VIZIANAGARAM","DENKADA",32.64,34.06,34.13,31.58,29.21,31.44,34.29,34.12,32.39,31.23
"VIZIANAGARAM","GAJAPATHINAGARAM",32.72,34.11,33.63,31.55,28.42,29.46,33.3,33.9,32,29.82
"VIZIANAGARAM","GANTYADA",32.86,34.08,34.04,31.78,29.18,31.15,33.68,33.88,32.32,30.18
"VIZIANAGARAM","GARIVIDI",32.62,33.78,33.77,31.45,28.84,29.41,33.18,33.95,31.82,30.26
"VIZIANAGARAM","GARUGUBILLI",33.42,34.3,33.27,30.94,28.57,30.05,33.1,33.07,31.5,29.32
"VIZIANAGARAM","GUMMALAKSHMIPURAM",32.33,32.78,31.96,29.81,28.11,29.26,32.24,30.81,29.93,28.67
"VIZIANAGARAM","GURLA",32.7,34.11,33.77,31.73,28.86,30.3,33.18,33.9,31.82,30.26
"VIZIANAGARAM","JAMI",32.86,34.08,34.06,31.78,29.46,31.78,33.68,33.88,32.54,30.6
"VIZIANAGARAM","JIYYAMMAVALASA",33.15,34.02,32.66,30.06,28.24,29.72,32.38,32.62,30.84,29.12
"VIZIANAGARAM","KOMARADA",33.15,34.02,32.54,30.22,28.38,29.72,32.82,32.62,31,29.37
"VIZIANAGARAM","KOTHAVALASA",32.71,33.89,33.68,31.3,29.99,31.53,33.32,34.65,32.54,30.51
"VIZIANAGARAM","KURUPAM",32.33,32.78,31.96,29.75,27.77,29.52,32.07,30.81,29.75,28.54
"VIZIANAGARAM","LAKKAVARAPUKOTA",32.86,33.89,33.68,31.78,29.99,31.53,33.77,34.65,32.54,30.4
"VIZIANAGARAM","MAKKUVA",33.59,34.24,33.08,32.05,28.93,29.21,33.83,33.07,31.65,29.67
"VIZIANAGARAM","MENTADA",32.72,33.69,33.16,31.55,27.93,29.33,33.3,33.6,32,29.82
"VIZIANAGARAM","MERAKAMUDIDAM",32.81,34.16,33.65,31.52,28.75,29.46,33.05,33.95,31.92,29.53
"VIZIANAGARAM","NELLIMARLA",32.7,33.92,34.13,31.73,28.86,30.3,33.79,33.62,32.39,30.74
"VIZIANAGARAM","PACHIPENTA",32.47,33.47,32.82,31.78,28.55,29.49,33.35,32.92,32,30.03
"VIZIANAGARAM","PARVATHIPURAM",33.36,34.17,32.93,30.94,28.61,29.72,33.41,33.06,31.4,29.37
"VIZIANAGARAM","PUSAPATIREGA",31.9,33.72,34.13,31.02,28.81,29.61,33.79,33.62,32.39,30.9
"VIZIANAGARAM","RAMABHADRAPURAM",33.5,34.14,33.08,32.09,28.55,29.49,33.63,32.92,32.06,30.03
"VIZIANAGARAM","SALUR",33.59,34.24,33.08,32.09,28.93,29.49,33.83,33.07,32.06,30.03
"VIZIANAGARAM","SEETHANAGARAMVIZIANAGARAM",33.42,34.3,33.71,31.39,28.61,30.05,33.41,33.18,32.06,29.56
"VIZIANAGARAM","SRUNGAVARAPUKOTA",32.86,33.74,33.44,31.78,28.93,30.68,33.68,33.88,32.32,29.31
"VIZIANAGARAM","THERLAM",33.2,34.36,34.18,31.2,28.75,28.96,33.63,34.35,32,29.59
"VIZIANAGARAM","VEPADA",32.86,33.74,33.44,31.78,29.57,31.28,34.02,34.59,32.4,29.78
"VIZIANAGARAM","VIZIANAGARAMMANDAL",32.83,34.08,34.04,31.77,29.18,31.15,33.66,33.53,32.23,30.18
"WESTGODAVARI","ACHANTA",31.39,33.23,33.56,28.08,28.37,29.14,33.74,33.29,30.78,31.06
"WESTGODAVARI","AKIVEEDU",32.39,34.77,34.39,28.71,27.96,29.57,34.6,34.32,32.54,33.07
"WESTGODAVARI","ATTILI",31.82,33.96,33.79,28.33,27.91,28.39,34.08,33.92,31.51,31.93
"WESTGODAVARI","BHEEMAVARAM",32.1,34.1,34.25,29.11,28.48,29.11,34.58,34.26,32.18,32.67
"WESTGODAVARI","BHIMADOLE",32.14,34.85,34.25,28.46,27.64,30.13,34.15,34.15,32.26,32.82
"WESTGODAVARI","BUTTAYAGUDEM",32.28,33.87,32.29,27.69,27.85,30.71,32.54,32.42,29.63,30.08
"WESTGODAVARI","CHAGALLU",32.07,33.65,33.87,28.4,27.8,30.3,33.29,33.1,30.62,31
"WESTGODAVARI","CHINTALAPUDI",32.49,35.02,34.14,27.81,28.18,30.52,33,33.49,31,31.43
"WESTGODAVARI","DENDULURU",31.97,35.26,34.39,28.53,27.54,30.88,34.21,34.15,32.75,33.04
"WESTGODAVARI","DEVARAPALLE",31.89,34.02,33.15,28.29,27.77,30.66,33.07,33.01,30.06,30.81
"WESTGODAVARI","DWARAKATIRUMALA",31.72,34.57,34.1,28.39,27.64,30.44,33.86,33.95,31.73,32.26
"WESTGODAVARI","ELURU",32.39,35.26,34.46,29.28,27.54,30.88,34.41,34.37,33.2,33.23
"WESTGODAVARI","GANAPAVARAM",32,34.45,34.04,28.42,27.91,28.83,34.07,34.01,31.84,32.49
"WESTGODAVARI","GOPALAPURAM",32.37,34.02,32.96,28.41,27.77,31.19,33.07,32.96,29.82,30.61
"WESTGODAVARI","IRAGAVARAM",31.93,33.96,33.7,28.28,28.26,28.71,33.91,33.6,31.31,31.56
"WESTGODAVARI","JANGAREDDIGUDEM",32.53,34.51,33.57,28.02,27.91,30.72,33.36,33.01,30.29,30.61
"WESTGODAVARI","JEELUGUMILLI",32.54,34.67,33.42,27.45,28.21,30.94,32.8,32.78,29.88,30.44
"WESTGODAVARI","KALLA",32.21,34.43,34.39,28.75,28.26,28.88,34.6,34.32,32.54,33.07
"WESTGODAVARI","KAMAVARAPUKOTA",32.1,35.23,34.45,28.07,27.75,30.44,33.57,33.6,31.39,32.04
"WESTGODAVARI","KOVVUR",32,33.71,33.87,28.61,27.8,30.58,33.29,33.1,30.62,30.83
"WESTGODAVARI","KOYYALAGUDEM",32.53,34.51,33.57,28.13,27.91,30.72,33.36,33.01,30.14,30.7
"WESTGODAVARI","KUKUNOOR",34.81,35.32,32.45,28.97,28.25,29.54,33.33,33.06,30.52,30.69
"WESTGODAVARI","LINGAPALEM",32.36,35.29,34.45,28.07,28.13,30.6,33.57,33.67,31.68,32.24
"WESTGODAVARI","MOGALTHUR",30.85,32.36,33.73,29.11,28.48,29,33.58,33.45,31.92,32.3
"WESTGODAVARI","NALLAJERLA",31.89,34.21,33.54,28.22,27.67,30.38,33.21,33.12,30.81,31.1
"WESTGODAVARI","NARASAPURAM",31.85,33.24,34.03,29.68,28.73,29.88,34.52,34.13,31.76,32.23
"WESTGODAVARI","NIDADAVOLE",32.07,33.65,33.87,28.33,27.8,30.3,33.29,33.1,30.62,31
"WESTGODAVARI","NIDAMARRU",32,34.45,34.04,28.42,27.78,29.83,34.07,34.01,31.84,32.49
"WESTGODAVARI","PADAVEGI",32.35,35.52,34.62,28.73,27.97,31.3,34.21,34.01,32.75,33.04
"WESTGODAVARI","PALACOLE",31.85,33.37,34.03,28.67,28.4,29.19,34.52,34.13,31.76,32.23
"WESTGODAVARI","PALAKODERU",31.91,34.1,34.03,28.67,28.37,29.11,34.52,34.13,31.76,32.31
"WESTGODAVARI","PEDAPADU",31.99,35.24,34.46,29.47,27.53,31.3,34.41,34.37,33.28,33.23
"WESTGODAVARI","PENTAPADU",32.1,34.18,33.96,28.42,27.97,29.32,33.91,33.79,31.51,32.06
"WESTGODAVARI","PENUGONDA",31.72,33.67,33.56,28.08,28.39,28.97,33.72,33.28,31,31.08
"WESTGODAVARI","PENUMANTRA",31.93,33.96,33.79,28.33,28.32,28.97,34.08,33.92,31.51,31.93
"WESTGODAVARI","PERAVALI",32.3,33.92,33.92,28.35,28.39,28.94,33.68,33.31,31.18,31.25
"WESTGODAVARI","PODURU",31.81,33.37,33.7,28.58,28.4,29.19,34,33.7,31.18,31.73
"WESTGODAVARI","POLAVARAM",32.37,33.67,32.65,28.77,27.57,31.19,32.82,33.29,29.52,30.01
"WESTGODAVARI","TADEPALLIGUDEM",32.1,34.04,33.96,28.42,27.97,30.16,33.8,33.54,31.28,31.55
"WESTGODAVARI","TANUKU",32.3,34.04,33.96,28.4,28.25,29.1,33.8,33.42,31.21,31.44
"WESTGODAVARI","THALLAPUDI",32.83,33.99,32.65,28.91,27.77,31.3,33,33.28,30,30.45
"WESTGODAVARI","TNARASAPURAM",32.28,34.67,33.6,27.64,28.08,30.6,33.1,33.1,30.64,31.06
"WESTGODAVARI","UNDI",32.14,34.43,34,28.42,27.88,28.46,34.07,33.98,32.07,32.71
"WESTGODAVARI","UNDRAJAVARAM",32.3,34.04,33.96,28.4,27.97,29.1,33.8,33.42,31.21,31.44
"WESTGODAVARI","UNGUTURUWESTGODAVARI",31.82,34.18,33.98,28.42,27.83,30.3,33.85,33.79,31.48,31.96
"WESTGODAVARI","VEERAVASARAM",31.85,33.76,34.03,28.67,28.37,29.11,34.52,34.13,31.76,32.23
"WESTGODAVARI","VELAIRPAD",33.08,34.4,31.37,28.83,27.94,29.71,33.22,32.7,30.55,30.04
"WESTGODAVARI","YELAMANCHILI",31.36,32.42,32.85,28.97,28.37,29.05,33.46,33.24,30.57,31.39
