"DISTRICT","MANDAL","07-08-19","08-08-19","09-08-19","10-08-19","11-08-19","12-08-19","13-08-19","14-08-19","15-08-19","16-08-19"
"ANANTAPUR","AGALI",3.01,3.1,4.06,4.02,1.19,1.65,4.85,5.25,2.83,9.24
"ANANTAPUR","AMADAGUR",0.92,0.59,0.09,0.43,0.37,0.52,1.1,1.29,2.86,4.03
"ANANTAPUR","AMARAPURAM",6.13,7.44,5.69,3.54,0.579999999999998,1.35,8.54,4.21,9.8,9.61
"ANANTAPUR","ANANTAPURMANDAL",8.34,1.25,0.99,0.64,0.58,0.61,1.44,2.47,3.08,2.83
"ANANTAPUR","ATMAKUR",10.47,1.39,1.57,0.949999999999999,0.49,0.42,1.44,0.91,3.08,2.41
"ANANTAPUR","BATHALAPALLE",2.33,1.24,0.42,0.33,0.58,0.67,1.77,1.41,2.44,2.99
"ANANTAPUR","BELUGUPPA",11.32,1.33,4.24,1.58,0.550000000000001,0.98,1.55,2.66,7.02,7.66
"ANANTAPUR","BOMMANAHAL",11.31,1.34,4.78,0.24,0.43,1.16,3.3,4.82,7.39,5.46
"ANANTAPUR","BRAHMASAMUDRAM",6.5,2.27,9.19,1.9,0.849999999999998,1.04,2.75,3.93,14.25,6.32
"ANANTAPUR","BUKKAPATNAM",1.61,1.46,0.24,0.4,0.91,0.68,1.49,3.05,2.87,3.6
"ANANTAPUR","BUKKARAYASAMUDRAM",8.09,1.38,0.779999999999999,0.459999999999999,0.609999999999999,0.550000000000001,1.28,2.47,2.32,3.63
"ANANTAPUR","CHENNEKOTHAPALLE",1.11,1.16,0.61,0.55,0.8,0.54,4.49,2.44,4.85,5.25
"ANANTAPUR","CHILAMATHUR",1.62,1,0.49,0.55,1.1,1.59,3.97,5.53,4.89,10.83
"ANANTAPUR","DHARMAVARAM",1.21,1.46,0.42,0.45,0.73,0.67,1.77,2.44,2.99,4.3
"ANANTAPUR","DHIRCHAL",10.12,1.17,6.65,0.34,0.459999999999999,1.13,3.36,4.12,6.99,5.46
"ANANTAPUR","GANDLAPENTA",0.98,1.1,0.12,0.52,0.15,0.31,0.79,1.16,1.95,3.11
"ANANTAPUR","GARLADINNE",10.52,1.24,1.21,0.43,0.82,0.790000000000001,1.56,2.81,3.32,2.96
"ANANTAPUR","GOOTY",6.97,2.43,0.69,0.0899999999999999,0.880000000000001,0.639999999999999,1.04,2.72,4.88,2.35
"ANANTAPUR","GORANTLA",1.59,1.16,0.31,0.82,1.28,1.28,3.48,3.05,4.89,10.83
"ANANTAPUR","GUDIBANDA",6.13,6.73,4.21,4.06,0.550000000000001,1.41,5.7,3.79,3.35,8.45
"ANANTAPUR","GUMMAGATTA",11.97,1.26,11.8,1.41,0.849999999999998,1.07,2.04,3.29,14.25,6.89
"ANANTAPUR","GUNTAKAL",9.12,1.35,0.69,0.34,0.880000000000001,0.969999999999999,0.890000000000001,2.29,3.96,2.86
"ANANTAPUR","HINDUPUR",1.87,1.85,0.55,1.16,1.25,1.56,6.99,6.1,5.19,11.54
"ANANTAPUR","KADIRI",0.98,1.53,0.14,0.52,0.15,0.37,0.79,1.22,1.95,2.2
"ANANTAPUR","KALYANDURG",5.91,1.92,4.63,1.74,0.610000000000001,0.789999999999999,2.26,3.15,11.66,4.92
"ANANTAPUR","KAMBADUR",1.4,2.62,2.47,1.13,0.55,0.25,2.84,2.59,4.7,3.11
"ANANTAPUR","KANAGANAPALLE",1.26,1.27,0.84,0.73,0.73,0.27,2.69,1.07,4.48,3.42
"ANANTAPUR","KANEKAL",13.98,1.2,4.78,0.550000000000001,0.52,0.880000000000003,2.87,4.82,5.83,8.21
"ANANTAPUR","KOTHACHERUVU",1.33,1.04,0.26,0.64,1.28,0.98,3.99,3.05,4.91,4.3
"ANANTAPUR","KUDAIR",13.82,1.54,2.7,1.1,0.550000000000001,0.49,3.12,3.17,2.54,4.43
"ANANTAPUR","KUNDURPI",4.26,6.28,4.84,2.29,0.49,0.98,4.97,4.33,8.33,6.23
"ANANTAPUR","LEPAKSHI",2.82,2.4,0.67,0.86,1.56,1.89,7.14,6.19,5.19,11.54
"ANANTAPUR","MADAKASIRA",2.69,3.11,1.46,3.51,0.58,0.98,4.21,4.7,3.5,6.59
"ANANTAPUR","MUDIGUBBA",1.17,1.53,0.2,0.34,0.4,0.46,1.03,1.28,1.62,3.02
"ANANTAPUR","NALLACHERUVU",0.75,0.61,0.1,0.34,0.15,0.46,0.88,1.16,1.95,3.7
"ANANTAPUR","NALLAMADA",1.06,1.12,0.13,0.49,0.46,0.52,0.88,1.62,1.86,2.08
"ANANTAPUR","NAMBULIPULIKUNTA",0.41,0.75,0.0700000000000001,0.27,0.0700000000000001,0.82,0.58,0.74,1.92,3.11
"ANANTAPUR","NARPALA",5.58,1.2,0.32,0.239999999999999,0.58,0.61,1.01,0.76,2.26,3.63
"ANANTAPUR","OBULADEVARACHERUVU",1.54,1.4,0.0899999999999999,0.61,0.98,0.88,2.69,2.14,4.03,6.5
"ANANTAPUR","PAMIDI",10.77,1.42,1.79,0.27,0.880000000000001,0.640000000000001,1.25,2.93,3.11,3.84
"ANANTAPUR","PARIGI",1.74,1.74,0.55,1.62,1.25,1.5,4.3,4.7,4.82,6.68
"ANANTAPUR","PEDDAPAPPUR",5.81,1.72,0.21,0.119999999999999,0.43,0.52,0.48,0.58,3.6,3.7
"ANANTAPUR","PEDDAVADUGUR",6.18,2.56,0.38,0.12,0.829999999999999,0.800000000000001,1.04,1.4,4.49,2.96
"ANANTAPUR","PENUKONDA",1.74,1.74,0.43,1.19,1.04,0.86,4.3,4.03,4.91,6.68
"ANANTAPUR","PUTLUR",5.42,1.24,0.17,0.119999999999999,0.34,0.25,0.91,0.699999999999999,3.32,4.28
"ANANTAPUR","PUTTAPARTHI",1.61,1.46,0.25,0.64,1.28,0.98,3.99,3.05,4.91,3.11
"ANANTAPUR","RAMAGIRI",1.17,1.77,1.01,0.97,0.91,0.34,4.33,2.44,4.28,5
"ANANTAPUR","RAPTADU",3.87,1.21,0.58,0.64,0.61,0.55,1.99,2.25,3.26,2.16
"ANANTAPUR","RAYADURG",11.97,1.26,10.73,0.879999999999999,0.43,1.1,2.16,3.29,8.03,6.89
"ANANTAPUR","RODDAM",1.74,1.94,1.01,1.64,1.03,0.949999999999999,4.49,4.03,4.85,6.68
"ANANTAPUR","ROLLA",3.17,4.34,4.23,4.12,0.98,1.84,4.82,5.25,3.02,8.94
"ANANTAPUR","SETTUR",3.5,3.7,7.61,1.9,0.699999999999999,1.04,4.24,5.31,8.17,6.32
"ANANTAPUR","SINGANAMALA",8.09,1.27,0.779999999999999,0.27,0.64,0.800000000000001,1.22,2.47,4.21,3.39
"ANANTAPUR","SOMANDEPALLE",1.74,1.74,0.44,1.19,1.25,1.5,4.3,4.06,5.19,11.54
"ANANTAPUR","TADIMARRI",2.33,0.84,0.29,0.3,0.52,0.61,1.03,0.7,1.99,3.63
"ANANTAPUR","TADPATRI",5.42,2.15,0.12,0.119999999999999,0.34,0.28,0.670000000000001,1.34,3.32,4
"ANANTAPUR","TALUPULA",0.98,1.53,0.14,0.52,0.0900000000000003,0.25,0.52,0.88,1.92,2.96
"ANANTAPUR","TANAKAL",0.68,0.46,0.15,0.16,0.15,0.52,0.79,1.83,1.96,4.03
"ANANTAPUR","URAVAKONDA",13.98,1.68,3.29,0.650000000000002,0.76,1.13,3.35,4.03,5,7.57
"ANANTAPUR","VAJRAKARUR",12.47,1.78,2.45,0.34,0.92,1.16,2.29,3.38,3.7,4.03
"ANANTAPUR","VIDAPANAKAL",12.73,1.8,2.91,0.34,0.980000000000002,1.16,3.35,4,7.21,5.28
"ANANTAPUR","YADIKI",5.73,3.01,0.16,0.0600000000000005,0.46,0.49,0.639999999999999,1,3.09,1.59
"ANANTAPUR","YELLANUR",3.5,1.32,0.0999999999999996,0.13,0.27,0.12,1.43,1.32,2.26,4.28
"CHITTOOR","BAIREDDIPALLE",0.87,1.5,0.29,0.04,0.22,0.42,1.9,2.01,1.25,1.83
"CHITTOOR","BANGARUPALEM",0.52,1.18,0.11,0.0900000000000001,0.12,1.4,6.5,2.87,2.02,7.99
"CHITTOOR","BKOTHAKOTA",2.32,1.39,0.39,0.25,0.39,0.8,1.46,1.8,1.62,10.93
"CHITTOOR","BUCHINAIDUKHANDRI",0.81,2.82,0.34,0.0300000000000002,0.0600000000000001,1.77,5.53,7.59,12.27,11.75
"CHITTOOR","CHANDRAGIRI",1.72,2.13,0.27,0.12,0.0899999999999999,2.13,2.57,2.93,2.48,31.35
"CHITTOOR","CHINNAGOTTIGALLU",1.18,2.99,0.8,0.12,0.15,2.32,2.2,2.75,3.63,32.41
"CHITTOOR","CHITTOORMANDAL",1.17,1.17,0.14,0.0299999999999998,0.15,2.66,9.95,4.42,3.42,19.38
"CHITTOOR","CHOWDEPALLE",2.48,1.59,0.28,0.25,0.12,0.12,1.77,2.25,1.13,7.08
"CHITTOOR","GANGADHARANELLORE",1.54,1.65,0.14,0.0299999999999998,0.15,2.68,9.95,5.95,4.85,32.71
"CHITTOOR","GANGAVARAM",2.01,0.99,0.21,0.12,0.13,0.31,2.77,2.13,1.25,2.13
"CHITTOOR","GUDIPALA",0.74,1.17,0.14,0,0.15,2.69,9.95,4.15,3.11,19.38
"CHITTOOR","GUDIPALLE",1.82,5.22,0.94,0.16,0.609999999999999,0.7,3.05,4.76,1.35,5.22
"CHITTOOR","GURRAMKONDA",0.61,0.45,0.23,0.12,0.0900000000000001,0.85,1.16,0.74,2.07,4.98
"CHITTOOR","IRALA",0.65,0.7,0.15,0.0700000000000001,0.0700000000000001,1.03,3.61,3.51,2.44,26.18
"CHITTOOR","KALAKADA",0.42,0.36,0.1,0.12,0.0600000000000001,0.83,1.55,0.74,2.54,5.61
"CHITTOOR","KALIKIRI",0.72,0.75,0.1,0.19,0.0900000000000001,1.68,1.92,1.89,2.54,14.59
"CHITTOOR","KAMBHAMVARIPALLE",1.27,1.35,0.1,0.19,0.0900000000000001,2.29,2.26,2.14,3.94,14.59
"CHITTOOR","KAMMAPALLE",1.72,2.13,0.23,0.0700000000000001,0.0899999999999999,2.78,3.82,2.74,3.57,40.13
"CHITTOOR","KARVETINAGAR",1.69,2.95,0.220000000000001,0.0299999999999998,0.24,2.38,8.64,8.15,12.15,54.84
"CHITTOOR","KUPPAM",1.67,5.22,0.9,0.0899999999999999,0.489999999999999,1.07,3.39,5.16,1.35,4.36
"CHITTOOR","KURABALAKOTA",2.32,1.16,0.26,0.0899999999999999,0.24,0.52,0.850000000000001,1.8,0.82,7.18
"CHITTOOR","KVBPURAM",1.56,2.13,0.32,0.0600000000000001,0.04,2.17,5.65,7.66,15.5,40.26
"CHITTOOR","MANDAPALLE",3.1,1.34,0.28,0.0899999999999999,0.24,0.28,1.43,2.14,1.53,5.8
"CHITTOOR","MULAKALACHERUVU",2.01,0.87,0.14,0.21,0.21,0.8,0.91,1.83,1.68,7.29
"CHITTOOR","NAGALAPURAM",2.28,2.36,0.58,0.0600000000000001,0.0300000000000002,2.56,6.38,8.3,37.84,32.86
"CHITTOOR","NAGARI",1.43,2.66,0.32,0,0.12,2.45,8.64,9,22.34,54.84
"CHITTOOR","NARAYANAVANAM",1.43,2.66,0.32,0,0.0900000000000003,2.45,5.06,6.75,15.5,43.3
"CHITTOOR","NIMMANAPALLE",1.54,1.59,0.28,0.18,0.0899999999999999,0.16,0.86,1.77,0.64,8.14
"CHITTOOR","NINDRA",1.37,2.13,0.32,0,0.0300000000000002,2.26,8.24,9,22.34,52.25
"CHITTOOR","PAKALA",1.57,1.83,0.15,0.0700000000000003,0.12,1.28,4.18,4.79,3.94,32.84
"CHITTOOR","PALAMANER",1.11,0.99,0.13,0.04,0.13,0.88,4.27,2.13,1.31,4.03
"CHITTOOR","PALASAMUDRAM",1.14,1.72,0.05,0.0299999999999998,0.15,3.27,9.73,7.02,7.36,65.68
"CHITTOOR","PEDDAMANDYAM",0.61,0.89,0.22,0.27,0.18,1.16,0.73,0.79,1.89,2.56
"CHITTOOR","PEDDAPANJANI",2.48,1.49,0.21,0.25,0.13,0.12,2.14,2.25,1.25,2.75
"CHITTOOR","PEDDATHIPPASAMUDRA",1.85,0.92,0.39,0.21,0.39,0.8,1.46,1.84,1.68,8.67
"CHITTOOR","PENUMURU",1.57,1.66,0.04,0.0299999999999998,0.12,1.47,5.25,5.21,3.94,29.05
"CHITTOOR","PICHATUR",1.82,2.13,0.35,0.0300000000000002,0,2.17,5.98,6.84,28.05,36.56
"CHITTOOR","PILERU",0.6,1.78,0.12,0.1,0.0900000000000001,3.12,2.8,2.9,4.61,29.32
"CHITTOOR","PULICHERLA",0.9,1.05,0.12,0.0700000000000003,0.0600000000000001,1.16,2.44,2.53,2.11,32.84
"CHITTOOR","PUNGANUR",2.01,1.33,0.28,0.13,0.19,0.12,2.65,2.23,1.35,3.33
"CHITTOOR","PUTHALAPATTU",1.17,1.01,0.0999999999999999,0.0300000000000002,0.0700000000000001,1.34,4.73,4.57,3.79,23.04
"CHITTOOR","PUTTUR",1.44,2.95,0.27,0,0.12,2.45,8.64,8.15,13.09,54.84
"CHITTOOR","RAMAKUPPAM",1.23,2.78,0.32,0.03,0.46,1.19,1.55,3.23,0.550000000000001,6.13
"CHITTOOR","RAMASAMUDRAM",3.43,1.33,0.21,0.0300000000000002,0.15,0.12,5.64,1.07,2.41,4.03
"CHITTOOR","RENIGUNTA",1.29,1.84,0.47,0.0600000000000001,0.0600000000000001,2.78,3.54,5.62,9.15,32.38
"CHITTOOR","ROMPICHERLA",1.75,3.18,0.41,0.0899999999999999,0.0899999999999999,2.6,2.38,2.75,4.46,29.32
"CHITTOOR","SANTHIPURAM",1.67,4.25,0.49,0.0899999999999999,0.609999999999999,0.7,1.92,4.76,1.35,5.98
"CHITTOOR","SATYAVEDU",2.28,2.39,0.58,0.0600000000000001,0.0300000000000002,2.75,6.74,8.79,37.84,26.28
"CHITTOOR","SODAM",1.38,1.18,0.24,0.18,0.0900000000000003,0.94,2.14,1.64,1.93,26.18
"CHITTOOR","SOMALA",1.4,1.18,0.24,0.18,0.12,0.61,1.01,1.87,1.29,18.77
"CHITTOOR","SRIKALAHASTI",1.17,3.03,0.55,0.0600000000000001,0.0600000000000001,2.2,3.63,5.89,10.43,16.82
"CHITTOOR","SRIRANGARAJAPURAM",1.54,2.6,0.13,0.0299999999999998,0.16,2.68,8.7,7.02,7.36,45.28
"CHITTOOR","THAMBALLAPALLE",0.95,0.61,0.22,0.27,0.18,0.85,0.55,1.83,1.89,3.05
"CHITTOOR","THAVANAMPALLE",1.38,0.91,0.09,0.0700000000000001,0.0599999999999998,1.4,6.5,4.42,3.42,15.05
"CHITTOOR","THOTTAMBEDU",0.64,3.03,0.14,0.0600000000000001,0.0600000000000001,1.77,4.36,5.89,10.43,11.75
"CHITTOOR","TIRUPATI",0.6,1.61,0.23,0.0700000000000001,0.0899999999999999,2.78,3.45,2.74,2.11,32.38
"CHITTOOR","TIRUPATIURBAN",1.05,2.25,1.03,0.0700000000000001,0.0999999999999996,2.78,3.45,4.73,7.29,32.38
"CHITTOOR","VADAMALAPETA",0.95,1.84,0.17,0.03,0.0899999999999999,2.78,3.82,4.46,3.75,40.13
"CHITTOOR","VALMIKIPURAM",1.08,0.54,0.21,0.19,0.0899999999999999,0.79,1.31,1.22,2.02,8.36
"CHITTOOR","VARADAIAHPALEM",1.56,2.36,0.58,0.0600000000000001,0.0300000000000002,1.49,6.74,8.37,21.54,31.55
"CHITTOOR","VEDURUKUPPAM",1.72,2.6,0.16,0.0300000000000002,0.16,1.92,6.07,5.95,6.65,39.21
"CHITTOOR","VENKATAGIRIKOTA",1.12,2.27,0.29,0,0.46,0.39,1.83,3.12,1.1,6.13
"CHITTOOR","VIJAYAPURAM",2.31,1.55,0.32,0.0300000000000002,0.04,1.89,7.69,8.51,22.34,61.46
"CHITTOOR","YADAMARI",1,1.18,0.14,0.0900000000000001,0.15,2.41,8.76,3.18,2.74,12.24
"CHITTOOR","YARRAVARIPALEM",1.75,3.18,0.8,0.18,0.15,3.12,2.8,2.9,4.61,23.23
"CHITTOOR","YERPEDU",0.84,2.36,0.12,0.03,0.0600000000000001,2.78,3.54,5.62,9.15,34.7
"EASTGODAVARI","ADDATEEGALA",35.89,26.72,9.87,1.22000000000001,0.400000000000006,1.98,0.880000000000003,8.21,3.91,2.44000000000001
"EASTGODAVARI","AINAVILLI",11.75,4.22,3.3,0.640000000000001,0,0.77,3.05,2.56,11.02,6.28
"EASTGODAVARI","ALAMURU",16.08,9.42,2.91,0.34,0,0.270000000000003,2.32,5.16,10.31,9.1
"EASTGODAVARI","ALLAVARAM",9.45,2.5,1.05,0.789999999999999,0.0300000000000011,0.949999999999999,3.05,4.73,6.35,8.61
"EASTGODAVARI","AMALAPURAM",10.73,4.22,3.3,0.789999999999999,0.0300000000000011,0.949999999999999,3.05,3.08,7.57,8.61
"EASTGODAVARI","AMBAJIPETA",11.75,4.22,6.03,0.580000000000002,0,0.52,2.68,2.56,7.57,7.81
"EASTGODAVARI","ANAPARTHI",19.23,13.29,4.3,0.460000000000001,0,0.399999999999999,2.14,4.95,9.43,6.14
"EASTGODAVARI","ATREYAPURAM",16.08,9.42,2.79,0.34,0,0.270000000000003,2.32,5.16,10.13,9.1
"EASTGODAVARI","BICCAVOLU",19.5,13.29,4.3,0.460000000000001,0,0.399999999999999,2.45,4.95,9.34,6.14
"EASTGODAVARI","CHINTUR",73.5,23.35,11.82,3.63,1.53,3.14,2.47,11.44,7.08,5.41
"EASTGODAVARI","DEVIPATNAM",26.39,22.62,6.34,1.68,0,0.740000000000002,1.31,8.3,4.7,6.38
"EASTGODAVARI","GANDEPALLE",24.29,20.27,4.76,0.799999999999997,0,0.550000000000004,1.01,7.9,7.36,2.87
"EASTGODAVARI","GANGAVARAMEASTGODAVARI",29.79,22.77,7.97,1.47,0.18,1.19,1.31,8.21,3.91,2.44000000000001
"EASTGODAVARI","GOKAVARAM",24.56,21.05,4.73,1.28,0,0.740000000000002,1.31,7.66,4.33,3.21
"EASTGODAVARI","GOLLAPROLU",21.32,17.27,2.20999999999999,0.0900000000000034,0.029999999999994,1.93,0.910000000000004,6.56,2.54,3.11000000000001
"EASTGODAVARI","IPOLAVARAM",11.51,2.48,1.89,0.67,0,0.98,4.27,2.96,11.54,6.77
"EASTGODAVARI","JAGGAMPETA",25.09,20.01,3.61,0.920000000000002,0,0.609999999999999,0.949999999999996,8.21,5.62,2.35
"EASTGODAVARI","KADIAM",16.08,10.62,4.05,0.640000000000001,0,0.0899999999999999,2.07,5.16,8.84999999999999,9.1
"EASTGODAVARI","KAJULURU",15.12,4.75,3.84,0.279999999999998,0,0.270000000000003,4.27,3.97,11.54,5.15
"EASTGODAVARI","KAKINADARURAL",20.55,9.71,3.84,0.52,0,1.53,2.53,8.45999999999999,7.72,3.84
"EASTGODAVARI","KAKINADAURBAN",18.41,7.62,3.84,0.52,0,0.550000000000001,2.53,6.47,7.72,3.84
"EASTGODAVARI","KAPILESWARAPURAM",13.89,7.85,3.25,0.34,0,0.240000000000002,2.38,4.36,10.31,7.73
"EASTGODAVARI","KARAPA",15.48,7.55,3.84,0.330000000000002,0,0.270000000000003,3.02,3.97,8.49,5.15
"EASTGODAVARI","KATRENIKONA",11.67,3.01,1.89,0.67,0,0.98,3.7,4.33,8.36,8.11
"EASTGODAVARI","KIRLAMPUDI",23.51,18.28,3.5,0.549999999999997,0,0.579999999999998,0.760000000000005,7.98999999999999,2.9,2.14
"EASTGODAVARI","KORUKONDA",24.16,20.27,4.54,0.799999999999997,0,0.490000000000002,1.16,7.66,8.27,3.66
"EASTGODAVARI","KOTANANDURU",27.76,15.3,3.14,0.0899999999999963,0.520000000000003,5.68,0.879999999999995,4.52,3.3,4.59999999999999
"EASTGODAVARI","KOTHAPALLEE",20.65,12.63,2.61,0.359999999999999,0.029999999999994,1.93,0.910000000000004,8.45999999999999,3.51000000000001,1.68
"EASTGODAVARI","KOTHAPETA",12.08,4.87,2.67,0.219999999999999,0,0.210000000000001,2.38,2.29,6.77,5.65
"EASTGODAVARI","KUNAVARAM",41.84,13.29,3.41,1.65,0.25,0.979999999999997,2.35,11.05,7.45,4.67
"EASTGODAVARI","MALIKIPURAM",8.92,1.71,0.48,0.789999999999999,0.120000000000001,0.700000000000001,2.32,4.86,7.51,8.97
"EASTGODAVARI","MAMIDIKUDURU",10.91,4.15,6.03,1.38,0.0899999999999999,0.949999999999999,3.05,4.86,6.74,8.61
"EASTGODAVARI","MANDAPETA",19.01,13.84,4.05,0.640000000000001,0,0.119999999999997,1.83,5.71,8.84999999999999,6.62
"EASTGODAVARI","MAREDUMILLI",73.5,32.13,11.82,3.84999999999999,2.17,3.72,2.47,11.44,6.5,5.42999999999999
"EASTGODAVARI","MUMMIDIVARAM",11.51,3.37,1.89,0.640000000000001,0,0.77,4.27,2.96,11.54,6.28
"EASTGODAVARI","NELLIPAKA",48.81,6.85,2.04,1.93,0.43,0.82,1.65,11.05,6.5,7.90000000000001
"EASTGODAVARI","PAMARRUEASTGODAVARI",13.89,5.63,3.77,0.330000000000002,0,0.240000000000002,3.05,4.36,11.02,5.77
"EASTGODAVARI","PEDAPUDI",19.5,10.5,3.83,0.52,0,0.550000000000001,2.45,5.92,7.69,3.57
"EASTGODAVARI","PEDDAPURAM",23.51,18.28,3.5,0.549999999999997,0,0.640000000000001,1.37,8.09,7.17,3.57
"EASTGODAVARI","PGANNAVARAM",12.08,4.87,6.03,1.38,0.0600000000000023,0.729999999999997,3.05,3.3,6.77,8.52
"EASTGODAVARI","PITHAPURAM",23.16,18.28,3.16,0.370000000000005,0,1.53,0.909999999999997,8.45999999999999,4.84999999999999,3.11000000000001
"EASTGODAVARI","PRATHIPADUEASTGODAVARI",27.73,23.22,6,0.939999999999998,0.149999999999999,2.84,0.890000000000001,7.39,3.33,3.91
"EASTGODAVARI","RAJAHMUNDRYRURAL",18.6,10.51,2.05,0.239999999999998,0,0.190000000000001,1.52,7.48,8.09,5
"EASTGODAVARI","RAJAHMUNDRYURBAN",21.3,13.75,3.71,0.390000000000001,0,0.280000000000001,1.52,7.48,8.27,5
"EASTGODAVARI","RAJANAGARAM",22.05,17.39,4.54,0.640000000000001,0,0.280000000000001,1.83,7.48,8.84999999999999,6.62
"EASTGODAVARI","RAJAVOMMANGI",33.39,23.22,8.74,1.1,0.789999999999999,2.69,0.609999999999999,7.26,4.15,3.61
"EASTGODAVARI","RAMACHANDRAPURAM",15.79,8.84,4.3,0.460000000000001,0,0.399999999999999,3.02,4.39,9.43,5.5
"EASTGODAVARI","RAMPACHODAVARAM",31.14,22.77,8.82,1.98,0.119999999999997,1.19,1.31,7.26,3.2,2.04000000000001
"EASTGODAVARI","RANGAMPETA",22.44,17.39,4.76,0.549999999999997,0,0.490000000000002,1.37,7.05,7.56,6.14
"EASTGODAVARI","RAVULAPALEM",13.86,8.59,2.91,0.34,0,0.419999999999998,2.38,4.18,10.31,7.73
"EASTGODAVARI","RAYAVARAM",15.79,8.84,4.3,0.460000000000001,0,0.399999999999999,2.14,4.39,9.43,5.5
"EASTGODAVARI","RAZOLE",9.84,4.52,3.34,1.65,0.0899999999999999,0.789999999999999,3.05,4.86,8.34,12.17
"EASTGODAVARI","ROUTHULAPUDI",29.16,18.5,4.05,0.610000000000007,0.520000000000003,4.33000000000001,0.879999999999995,5.4,3.3,4.4
"EASTGODAVARI","SAKHINETIPALLE",8.92,1.67,0.66,0.789999999999999,0.120000000000001,0.949999999999999,2.71,5.37,7.87,8.97
"EASTGODAVARI","SAMALKOTA",21.13,12.97,3.23,0.52,0,1.53,1.74,8.45999999999999,7.17,3.57
"EASTGODAVARI","SANKHAVARAM",27.25,18.5,4.05,0.400000000000006,0.280000000000001,3.87,0.910000000000004,6.56,3.02,4.33
"EASTGODAVARI","SEETHANAGARAM",23.38,18.29,4.17,0.950000000000003,0,0.490000000000002,1.16,7.51,8.43,6.38
"EASTGODAVARI","THALLAREVU",15.12,4.75,3.84,0.669999999999998,0,0.340000000000003,4.27,4.73,11.54,5.77
"EASTGODAVARI","THONDANGI",23.77,15.14,2.18,0.0600000000000023,0.399999999999999,3.87,0.910000000000004,6.26,1.92,4.91999999999999
"EASTGODAVARI","TUNI",27.76,15.3,1.89,0.0600000000000023,0.520000000000003,5.68,1.64,4.58,1.59,4.91999999999999
"EASTGODAVARI","UPPALAGUPTAM",10.48,3.01,1.37,0.640000000000001,0,0.82,2.74,2.99,7.27,8.18
"EASTGODAVARI","VARARAMACHANDRAPUR",41.93,15.74,6,2.07,0.310000000000002,1.19,2.35,11.2,7.45,3.63
"EASTGODAVARI","YELESWARAM",25.77,22.52,6,1.1,0.119999999999997,1.15,0.890000000000001,8.21,3.91,2.14
"EASTGODAVARI","YRAMAVARAM",77.78,32.13,9.16,3.69,2.17,6.16,5.22,9.43000000000001,6.44000000000001,4.43000000000001
"GUNTUR","ACHAMPETA",10.67,0.67,0.290000000000001,0.43,0.0899999999999999,0.0899999999999999,0.220000000000001,2.04,4.55,5.67
"GUNTUR","AMARAVATHI",12.89,1.4,0.57,0.359999999999999,0.0899999999999999,0.31,0.890000000000001,2.29,5.22,5.89
"GUNTUR","AMRUTHALUR",8.19,3.14,0.19,0.43,0.390000000000001,0.0899999999999999,0.76,1.92,7.73,9.46
"GUNTUR","BAPATLA",8.54,2.43,0.110000000000001,0.520000000000001,0.58,0.130000000000001,0.699999999999999,1.1,7.17,10.32
"GUNTUR","BELLAMKONDA",10.66,0.520000000000001,0.430000000000001,0.43,0.119999999999999,0.0899999999999999,0.270000000000001,2.35,2.75,6.98
"GUNTUR","BHATTIPROLU",7.8,3.26,0.380000000000001,0.299999999999999,0.430000000000001,0.0599999999999987,1.47,1.59,7.42,9.46
"GUNTUR","BOLLAPALLE",20.07,5.75,0.0899999999999999,0.819999999999999,0.370000000000001,0,0.43,2.32,1.31,6.57
"GUNTUR","CHEBROLE",7.87,1.55,0.199999999999999,0.609999999999999,0.49,0.0299999999999994,0.800000000000001,3.02,6.41,7.29
"GUNTUR","CHERUKUPALLE",7.8,3.28,0.140000000000001,0.390000000000001,0.390000000000001,0.0899999999999999,1.23,1.59,7.39,9.46
"GUNTUR","CHILAKALURIPET",11.05,1.51,0.0400000000000009,0.790000000000001,0.49,0.25,0.48,1.92,8.03,6.99
"GUNTUR","DACHEPALLE",9.68,0.860000000000001,0.17,0.369999999999999,0.4,0.0899999999999999,0.309999999999999,1.25,2.45,7.11
"GUNTUR","DUGGIRALA",8.19,2.35,0.26,0.550000000000001,0.15,0.0299999999999994,1.04,1.25,6.5,8.06
"GUNTUR","DURGI",11.12,3.67,0.25,0.220000000000001,0.359999999999999,0,0.0899999999999999,1.5,1.47,6.07
"GUNTUR","EDLAPADU",9.83,1.3,0.0999999999999996,0.640000000000001,0.34,0.119999999999999,0.4,1.89,8.03,6.8
"GUNTUR","GUNTURMANDAL",8.54,1.53,0.200000000000001,0.609999999999999,0.210000000000001,0.0299999999999994,0.799999999999999,1.89,7.54,6.22
"GUNTUR","GURAZALA",10.08,1.34,0.25,0.15,0.34,0,0.300000000000001,0.73,2.45,6.56
"GUNTUR","IPURU",18.46,4.89,0.0299999999999994,0.700000000000001,0.330000000000002,0.0300000000000011,0.52,2.26,1.98,7.35
"GUNTUR","KAKUMANU",8.99,1.81,0.110000000000001,0.520000000000001,0.279999999999999,0.0300000000000011,0.370000000000001,1.77,7.17,10.32
"GUNTUR","KAREMPUDI",10.44,1.87,0.25,0.549999999999999,0.15,0,0.309999999999999,0.940000000000001,2.32,6.41
"GUNTUR","KARLAPALEM",7.35,3.01,0.140000000000001,0.390000000000001,0.710000000000001,0.130000000000001,0.91,0.640000000000001,7.39,9.92
"GUNTUR","KOLLIPARA",8,2.63,0.380000000000001,0.609999999999999,0.390000000000001,0.0299999999999994,1.06,1.92,7.73,9.62
"GUNTUR","KOLLUR",7.9,3.26,0.49,0.390000000000001,0.43,0,1.31,1.34,7.85,9.27
"GUNTUR","KROSURU",10.67,0.540000000000001,0.299999999999999,0.52,0.0299999999999994,0.0600000000000005,0.58,2.35,3.88,6.98
"GUNTUR","MACHAVARAM",10.19,0.819999999999999,0.279999999999999,0.42,0.24,0.130000000000001,0.24,1.83,2.32,6.93
"GUNTUR","MACHERLA",9.45,1.38,0.23,0.120000000000001,0.210000000000001,0.0299999999999994,0.120000000000001,0.699999999999999,1.01,5.49
"GUNTUR","MANGALAGIRI",10.02,2.19,0.200000000000001,0.58,0.0299999999999994,0.0300000000000011,1.04,0.85,4.82,7.72
"GUNTUR","MEDIKONDURU",8.72,1.23,0.0899999999999999,0.639999999999999,0.25,0.0600000000000005,0.92,1.64,5.56,6.07
"GUNTUR","MUPPALLA",8.45,0.98,0.120000000000001,0.640000000000001,0.0600000000000005,0.16,0.699999999999999,1.46,4.52,7.63
"GUNTUR","NADENDLA",9.83,1.3,0.15,0.790000000000001,0.34,0.25,0.699999999999999,1.86,8.03,6.8
"GUNTUR","NAGARAM",7.5,3.28,0.4,0.390000000000001,0.58,0.0899999999999999,1.89,1.13,7.42,10.43
"GUNTUR","NAKARIKALLU",10.19,1.56,0.0500000000000007,0.729999999999999,0.0599999999999987,0.0299999999999994,0.67,1.83,3.48,7.69
"GUNTUR","NARASARAOPETA",11.99,1.45,0.120000000000001,0.790000000000001,0.27,0.279999999999999,0.699999999999999,2.66,5.74,6.9
"GUNTUR","NIZAMPATNAM",6.71,3.28,0.4,0.55,0.789999999999999,0.0899999999999999,1.89,0.67,7.18,10.43
"GUNTUR","NUZENDLA",23.31,8.23,0.0599999999999987,0.0300000000000011,0.450000000000003,0.300000000000001,0.420000000000002,1.22,2.96,4.94
"GUNTUR","PEDAKAKANI",8.4,1.55,0.200000000000001,0.609999999999999,0.15,0,0.800000000000001,1.59,6.32,7.29
"GUNTUR","PEDAKURAPADU",10.12,1.23,0.57,0.639999999999999,0.15,0.0700000000000003,0.92,1.83,4.06,5.58
"GUNTUR","PEDANANDIPADU",9.83,1.46,0.0800000000000001,0.52,0.34,0.0600000000000005,0.209999999999999,1.8,8.03,6.8
"GUNTUR","PHIRANGIPURAM",8.45,1.08,0.15,0.610000000000001,0.25,0.16,0.82,1.64,5.56,6.65
"GUNTUR","PIDUGURALLA",9.48,1.2,0.17,0.549999999999999,0.0899999999999999,0,0.309999999999999,1.83,2.32,6.53
"GUNTUR","PITTALAVANIPALEM",7.35,3.01,0.140000000000001,0.390000000000001,0.710000000000001,0.119999999999999,0.91,0.640000000000001,7.39,8.63
"GUNTUR","PONNUR",8.61,3.01,0.140000000000001,0.609999999999999,0.31,0.0899999999999999,0.67,3.02,7.39,10.32
"GUNTUR","PRATHIPADU",8.99,1.46,0.0800000000000001,0.58,0.279999999999999,0.0299999999999994,0.19,2.93,7.54,6.23
"GUNTUR","RAJUPALEM",8.91,0.869999999999999,0.17,0.729999999999999,0.0300000000000011,0.0299999999999994,0.640000000000001,2.35,3.57,7.69
"GUNTUR","RENTACHINTALA",10.04,1.37,0.25,0.15,0.34,0.0300000000000011,0.4,0.699999999999999,2.1,6.07
"GUNTUR","REPALLE",7.5,3.26,0.4,0.55,0.73,0.12,2.07,1.13,7.42,10.43
"GUNTUR","ROMPICHERLAGUNTUR",13.79,1.97,0.0299999999999994,0.700000000000001,0.25,0.150000000000002,0.67,2.66,4.63,7.44
"GUNTUR","SATTENAPALLE",9.44,1.08,0.299999999999999,0.640000000000001,0.149999999999999,0.130000000000001,0.82,2.13,4.82,7.63
"GUNTUR","SAVALYAPURAM",16.08,3.1,0.0199999999999996,0.299999999999999,0.27,0.150000000000002,0.609999999999999,2.29,3.14,5.65
"GUNTUR","TADIKONDA",10.03,1.53,0.319999999999999,0.639999999999999,0.15,0.0600000000000005,0.92,1.19,4.82,5.49
"GUNTUR","TENALI",7.86,2.48,0.26,0.52,0.49,0.0299999999999994,0.94,2.59,7.73,8.06
"GUNTUR","THADEPALLE",9.7,2.19,0.19,0.550000000000001,0,0.0299999999999994,1.04,0.370000000000001,4.39,7.72
"GUNTUR","THULLUR",13.54,1.81,0.15,0.33,0.0599999999999987,0.31,0.890000000000001,1.61,5.22,6.17
"GUNTUR","TSUNDUR",8.19,2.16,0.0600000000000005,0.48,0.49,0.0899999999999999,0.43,2.59,6.86,8.36
"GUNTUR","VATTICHERUKURU",8.17,1.1,0.119999999999999,0.609999999999999,0.31,0.0299999999999994,0.180000000000001,3.02,7.23,6.35
"GUNTUR","VELDURTHI",9.36,4.11,0.4,0.18,0.43,0.0299999999999994,0.0600000000000005,0.609999999999999,0.799999999999999,3.81
"GUNTUR","VEMURU",7.9,3.26,0.49,0.43,0.43,0.0299999999999994,1.31,1.92,7.85,9.46
"GUNTUR","VINUKONDA",23.31,7.13,0.0500000000000007,0.18,0.450000000000003,0.239999999999998,0.640000000000001,1.68,3.45,5.38
"KADAPA","ATLUR",1,2.67,0.13,0.0899999999999999,0.1,1,1.22,2.66,3.54,1.35
"KADAPA","BADVEL",1.52,2.67,0.0299999999999998,0.0899999999999999,0.1,0.51,0.949999999999999,3.45,4.15,3.36
"KADAPA","BKODUR",2.66,2.19,0.0299999999999998,0.12,0.0700000000000003,1.16,0.0600000000000001,3.45,4.85,3.36
"KADAPA","BRAHMAMGARIMATTAM",2.78,4.06,0.119999999999999,0.12,0.15,1.13,0.819999999999999,3.6,4.7,4
"KADAPA","CHAKNAYAPET",0.9,2.04,0.0800000000000001,0.21,0,0.8,0.61,0.61,3.11,3.36
"KADAPA","CHAPAD",1.86,2.99,0.0299999999999998,0.1,0.0900000000000003,1.74,2.47,4.42,5.74,5.43
"KADAPA","CHENNUR",2.5,4.95,0.2,0.58,0.0300000000000002,2.11,2.17,1.31,4.64,5.89
"KADAPA","CHINNAMANDEM",0.61,0.89,0.05,0.0900000000000001,0.03,0.94,0.92,0.43,1.68,2.26
"KADAPA","CHINTHAKOMMADINNE",2.01,3.32,0.0499999999999998,0.19,0.0299999999999998,1.8,1.46,0.28,3.79,3.36
"KADAPA","CHITVEL",1.16,2.51,0.0899999999999999,0.0899999999999999,0,1.28,3.27,1.86,4.67,7.91
"KADAPA","CUDDAPAHMANDAL",2.39,3.88,0.0200000000000005,0.15,0,1.8,0.609999999999999,0.24,3.79,2.86
"KADAPA","DUVVUR",3.23,4.6,0.0200000000000005,0.0600000000000005,0.19,1.89,1.32,6.07,6.84,5.07
"KADAPA","GALIVEEDU",0.61,0.89,0.0600000000000001,0.24,0.04,1.1,0.73,0.76,2.78,2.56
"KADAPA","GOPAVARAM",1.52,1.82,0.0600000000000001,0.0300000000000002,0.0299999999999998,1.07,1.28,3.36,3.66,2.47
"KADAPA","JAMMALAMADUGU",1.83,1.22,0.0299999999999998,0.0599999999999998,0.19,0.52,0.55,3.18,4.09,3.21
"KADAPA","KALASAPADU",3.29,4.8,0.04,0.0699999999999994,0.0999999999999996,1.25,0.120000000000001,3.26,5.25,0.789999999999999
"KADAPA","KAMALAPURAM",1.23,1.68,0.0299999999999998,0.18,0.0299999999999998,1.56,1.77,2.96,4.55,4.97
"KADAPA","KHAJIPET",2.5,5,0.2,0.58,0.15,2.11,2.47,3.66,5.74,5.92
"KADAPA","KODUR",1.29,1.84,0.47,0.0900000000000003,0.0299999999999998,1.07,2.41,3.42,5.77,12.97
"KADAPA","KONDAPURAM",3.67,2.04,0.0700000000000003,0.13,0.27,0.19,1.56,1.34,2.83,4.94
"KADAPA","LAKKIREDDIPALLE",0.69,1.85,0.0600000000000001,0.24,0.04,0.73,0.7,0.58,2.96,2.14
"KADAPA","LINGALA",1.11,1.5,0.2,0.3,0.21,0.28,0.97,0.58,1.77,3.63
"KADAPA","MUDDANUR",2.3,2.04,0.0900000000000003,0.12,0.22,0.18,1.56,2.2,2.04,4.94
"KADAPA","MYLAVARAM",2.65,1.38,0.0299999999999998,0.0300000000000002,0.24,0.46,0.52,3.18,4.09,2.2
"KADAPA","NANDALUR",0.99,1.94,0.0800000000000001,0.0600000000000001,0,1.55,2.41,0.98,4.97,1.5
"KADAPA","NARSAPUR",2.81,4.65,0.0299999999999994,0.0600000000000005,0.12,1.4,0.149999999999999,3.36,5.25,1.99
"KADAPA","OBULAVARIPALLE",1.94,3.19,0.64,0.15,0.12,1.22,3.27,3.27,4.05,8.88
"KADAPA","PEDDAMUDIUM",2.39,3.61,0.0300000000000002,0.0300000000000002,0.21,2.05,0.940000000000001,6.07,10.96,4.33
"KADAPA","PENAGALURU",0.87,2.74,0.0799999999999996,0.0299999999999998,0,1.61,2.72,1.1,4.97,5.46
"KADAPA","PENDLIMARRI",1.16,3.08,0.17,0.25,0.0300000000000002,1.47,0.67,0.42,3.6,3.63
"KADAPA","PORUMAMILLA",3.85,4.8,0.04,0.13,0.19,1.4,0.149999999999999,3.36,5.25,2.47
"KADAPA","PRODDUTUR",1.53,1.2,0.02,0.1,0.12,1.03,1.07,4.4,5,4.18
"KADAPA","PULIVENDLA",0.49,1.48,0.0599999999999998,0.22,0.03,0.15,0.34,0.27,1.8,2.66
"KADAPA","PULLAMPETA",1.16,1.72,0.03,0.0600000000000001,0,1.61,3.27,1.37,4.28,8.7
"KADAPA","RAJAMPET",0.87,1.16,0.02,0.15,0,1.61,2.72,1.28,4.15,8.3
"KADAPA","RAJUPALEM",2.82,2.28,0.0300000000000002,0.0599999999999998,0.13,1.49,0.74,6.07,7.66,4.42
"KADAPA","RAMAPURAM",0.74,3.01,0.0300000000000002,0.21,0.0699999999999998,1.07,1.46,0.37,1.61,3.45
"KADAPA","ROYACHOTI",0.61,0.89,0.0600000000000001,0.24,0.04,0.94,0.71,0.58,2.66,2.6
"KADAPA","SAMBEPALLE",0.42,0.33,0.03,0.09,0.0599999999999999,0.73,1.28,0.83,2.07,3.21
"KADAPA","SIDHOUT",2.39,3.88,0.0899999999999999,0.15,0,1.31,0.73,0.43,3,1.73
"KADAPA","SIMHADRIPURAM",1.65,2.04,0.0900000000000003,0.27,0.16,0.12,1.56,2.2,2.32,4.94
"KADAPA","SMYDUKUR",5.25,7.25,0.0800000000000001,0.21,0.31,1.9,2.47,5.16,5.74,5.92
"KADAPA","THANDUR",0.8,1.92,0.13,0.27,0.0600000000000001,0.42,0.4,0.67,2.38,4.4
"KADAPA","TSUNDUPALLE",1.72,2.22,0.0699999999999998,0.22,0.0600000000000001,1.77,2.19,2.14,3.51,6.8
"KADAPA","VALLUR",2.48,4.95,0.11,0.27,0.0300000000000002,2.11,2.17,1.4,4.64,5.89
"KADAPA","VEERABALLE",0.66,1.88,0.0300000000000002,0.22,0.03,0.54,0.92,0.48,1.34,4.82
"KADAPA","VEERAPUNAYUNIPALLE",1.12,2.37,0.17,0.18,0.0299999999999998,0.95,0.55,1.46,3.02,3.63
"KADAPA","VEMPALLE",1.12,2.37,0.17,0.18,0,0.92,0.46,0.7,2.38,3.63
"KADAPA","VEMULA",0.56,1.42,0.0700000000000001,0.34,0,0.49,0.34,0.7,2.38,2.99
"KADAPA","VONTIMITTA",1.19,2.45,0.13,0.0600000000000001,0,1.55,1.89,1.35,3.75,2.99
"KADAPA","YERRAGUNTLA",1.03,1.15,0.0600000000000001,0.1,0.0900000000000001,1.1,1.07,2.96,4.18,4.15
"KRISHNA","AGIRIPALLE",11.67,3.26,0.779999999999999,0.859999999999999,0.16,0.24,1.25,0.940000000000001,5.89,7.72
"KRISHNA","AKONDURU",12.59,2.66,0.9,1.16,0.300000000000001,0.310000000000002,1.31,2.17,4.43,6.71
"KRISHNA","AVANIGADA",5.77,1.95,0.37,0.27,0.52,0.120000000000001,2.07,0.58,6.99,9.68
"KRISHNA","BANTUMILLI",7.94,3.14,0.699999999999999,0.550000000000001,0.219999999999999,0.4,2.13,1.56,10.13,9.8
"KRISHNA","BAPULAPAD",10.9,4.19,0.960000000000001,0.67,0.859999999999999,0.460000000000001,1.77,1.22,4.49,10.31
"KRISHNA","CHALLAPALLE",7.87,2.86,0.35,0.390000000000001,0.430000000000001,0.0599999999999987,1.47,1.01,7.69,9.31
"KRISHNA","CHANDARLAPADU",11.96,1.27,0.390000000000001,0.43,0.149999999999999,0.300000000000001,0.52,2.32,5.37,6.04
"KRISHNA","CHATRAI",14.94,5.13,0.800000000000001,0.799999999999997,0.0299999999999976,0.550000000000001,1.56,3.39,6.84,7.81
"KRISHNA","GAMPALAGUDEM",13.44,2.66,0.9,1.16,0.300000000000001,0.369999999999999,1.06,2.72,4.49,5.24
"KRISHNA","GANNAVARAM",11.67,2.9,0.559999999999999,0.859999999999999,0.219999999999999,0.18,1.22,0.550000000000001,4.69,6.89
"KRISHNA","GHANTASALA",7.87,2.86,0.35,0.390000000000001,0.49,0.0299999999999994,1.23,1.13,8.11,9.31
"KRISHNA","GKONDURU",14.02,2.79,0.550000000000001,0.73,0.18,0.0700000000000003,0.92,1.8,5.89,6.56
"KRISHNA","GUDIVADA",8.74,3.64,0.850000000000001,0.73,0.859999999999999,0.550000000000001,1.68,1.06,6.99,8.39
"KRISHNA","GUDLAVALLERU",8.13,2.99,0.51,0.73,0.34,0.120000000000001,1.28,1.01,8.51,8.55
"KRISHNA","GUDURKRISHNA",7.68,2.16,0.51,0.390000000000001,0.49,0.0299999999999994,1.16,1.56,8.51,8.55
"KRISHNA","IBRAHIMPATNAM",14.02,2.22,0.290000000000001,0.43,0.0600000000000023,0.31,0.859999999999999,1.61,5.46,6.41
"KRISHNA","JAGGAYYAPETA",9.85,1.47,0.4,0.91,0.209999999999999,0.550000000000001,0.550000000000001,2.14,5.37,4.67
"KRISHNA","KAIKALUR",10.66,5.68,1.45,0.669999999999998,0.42,1.19,2.9,2.72,8.09,10.93
"KRISHNA","KALIDINDI",10.66,4.93,1.44,0.669999999999998,0.42,1.19,2.9,2.99,10.16,9.83
"KRISHNA","KANCHIKACHERLA",12.96,1.7,0.26,0.460000000000001,0.149999999999999,0.31,0.670000000000002,2.32,5.34,6.04
"KRISHNA","KANKIPADU",8.88,2.84,0.33,0.610000000000001,0.219999999999999,0.15,1.22,0.43,4.77,7.72
"KRISHNA","KODURU",6.92,1.87,0.46,0.31,0.489999999999999,0.31,2.2,0.83,7.69,9.31
"KRISHNA","KRUTHIVENNU",8.38,3.14,1.27,0.460000000000001,0.18,0.850000000000001,2.65,2.23,10.13,9.8
"KRISHNA","MACHILIPATNAM",7.39,2.13,0.74,0.550000000000001,0.67,0.31,2.2,1.95,9.09,9.31
"KRISHNA","MANDAVALLI",10.42,5.68,1.45,0.609999999999999,0.77,1.1,2.47,2.14,6.25,10.93
"KRISHNA","MOPIDEVI",7.25,2.45,0.37,0.31,0.52,0.120000000000001,2.07,0.85,7.69,9.68
"KRISHNA","MOVVA",7.87,2.87,0.470000000000001,0.640000000000001,0.49,0.0299999999999994,1.28,1.13,8.11,9.25
"KRISHNA","MUDINAPALLE",8.98,3.64,0.850000000000001,0.609999999999999,0.77,0.859999999999999,2.47,2.14,10.13,9.8
"KRISHNA","MUSUNURU",11.85,3.94,0.550000000000001,0.549999999999999,0,0.450000000000003,1.56,2.07,5.04,6.16
"KRISHNA","MYLAVARAMKRISHNA",11.22,2.92,0.6,0.92,0.300000000000001,0.0899999999999999,1.16,1.83,5.89,6.23
"KRISHNA","NAGAYALANKA",5.77,2.12,0.31,0.49,0.73,0.18,2.17,0.58,6.99,10.23
"KRISHNA","NANDIGAMA",11.76,2.36,0.48,0.52,0.180000000000001,0.33,0.879999999999999,2.63,5.52,6.59
"KRISHNA","NANDIVADA",10.9,5.13,1.36,0.609999999999999,0.859999999999999,0.73,2.14,1.22,5.44,10.31
"KRISHNA","NUZVID",11.38,3.91,0.75,0.880000000000001,0.0299999999999994,0.24,1.77,1.4,4.69,6.56
"KRISHNA","PAMARRU",8.13,2.89,0.470000000000001,0.73,0.34,0.0899999999999999,1.28,0.77,7.38,9.25
"KRISHNA","PAMIDIMUKKALA",7.9,3.18,0.49,0.700000000000001,0.399999999999999,0.0299999999999994,1.37,1.34,7.85,9.62
"KRISHNA","PEDANA",7.74,2.99,0.68,0.550000000000001,0.300000000000001,0.219999999999999,1.4,1.34,9.49,8.7
"KRISHNA","PEDAPARUPUDI",8.87,3.24,0.5,0.73,0.859999999999999,0.33,1.59,0.73,5.28,8.24
"KRISHNA","PENAMALURU",9.25,2.67,0.44,0.610000000000001,0.0899999999999999,0.0600000000000005,1.19,0.27,4.77,7.72
"KRISHNA","PENUGANCHIPROLU",10.02,1.96,0.4,0.549999999999999,0.180000000000001,0.33,0.819999999999999,2.63,5.52,5.65
"KRISHNA","REDDIGUDEM",11.66,3.04,0.719999999999999,0.92,0.119999999999999,0.210000000000001,1.31,1.25,3.88,6.71
"KRISHNA","THOTLAVALLURU",8,2.63,0.380000000000001,0.610000000000001,0.0899999999999999,0.0299999999999994,1.13,0.58,6.47,9.62
"KRISHNA","TIRUVURU",13.92,4.05,1.29,1.19,0.209999999999999,0.309999999999999,1.06,3.57,4.43,5.24
"KRISHNA","UNGUTURU",10.55,3.26,0.779999999999999,0.549999999999999,0.610000000000001,0.24,1.28,0.640000000000001,3.69,7.72
"KRISHNA","VATSAVAI",10.69,2.01,0.4,0.799999999999999,0.16,0.549999999999999,0.699999999999999,1.9,5.16,4.83
"KRISHNA","VEERULLAPADU",14.02,2.79,0.48,0.550000000000001,0.18,0.280000000000001,0.879999999999999,2.5,5.46,6.59
"KRISHNA","VIJAYAWADARURAL",9.7,2.19,0.19,0.49,0,0.0299999999999994,0.98,0.369999999999999,3.48,4.79
"KRISHNA","VIJAYAWADAURBAN",12.23,2.86,0.520000000000001,0.550000000000001,0.0300000000000011,0.0899999999999999,1.19,0.82,4.73,6.1
"KRISHNA","VISSANNAPET",13.92,4.05,1.29,0.880000000000001,0.0299999999999976,0.390000000000001,1.25,3.57,4.3,5.73
"KRISHNA","VUYYURU",7.82,2.57,0.309999999999999,0.700000000000001,0.279999999999999,0.0299999999999994,1.37,0.459999999999999,4.77,8.24
"KURNOOL","ADONI",10.69,3.43,0.9,0.300000000000001,1.19,1.16,1.19,2.96,7.08,8.24
"KURNOOL","ALLAGADDA",7.27,12.69,0.0599999999999987,0.0899999999999999,0.370000000000001,2.6,1.22,6.5,10.96,3.63
"KURNOOL","ALUR",8.39,2.69,1.22,0.43,0.700000000000001,1.32,1.46,2.84,7.08,4.06
"KURNOOL","ASPARI",7.39,3.54,0.77,0.300000000000001,0.76,1.07,1.13,1.62,7.08,4.94
"KURNOOL","ATMAKURKURNOOL",12.31,11.74,0.300000000000001,0.670000000000002,1.47,1.43,0.920000000000002,4.77,7.72,5.37
"KURNOOL","BANAGANAPALLE",3.71,3.45,0.17,0.12,0.25,1.53,1.04,2.78,6.4,2.1
"KURNOOL","BANDIATMAKUR",21.74,19.54,0.68,0.609999999999999,1.77,2.44,1.4,7.84,8.45,5.7
"KURNOOL","BETHAMCHERLA",8.07,4.5,0.21,0.0300000000000011,0.49,0.52,0.19,1.53,2.93,1.68
"KURNOOL","CBELAGAL",13.77,2.57,1.16,0.0600000000000005,0.609999999999999,0.370000000000001,0.119999999999999,3.17,2.96,1.25
"KURNOOL","CHAGALAMARRI",5.54,9.41,0.0300000000000011,0.0600000000000005,0.18,2.29,1.22,6.5,10.44,4.42
"KURNOOL","CHIPPAGIRI",12.47,1.87,1.24,0.520000000000001,0.880000000000001,1.44,2.05,2.48,4.48,3.69
"KURNOOL","DEVANAKONDA",6.76,3.54,0.289999999999999,0.120000000000001,0.700000000000001,0.640000000000001,1.13,1.62,4.67,4.94
"KURNOOL","DHONE",7.42,3.29,0.800000000000001,0.120000000000001,0.58,0.77,0.67,1.5,3.91,2.56
"KURNOOL","DORNIPADU",3.14,3.92,0.0500000000000007,0.12,0.49,2.6,1.22,3.78,10.44,2.72
"KURNOOL","GADIVEMULA",10.66,6.34,0.199999999999999,0.360000000000001,0.74,1.8,0.610000000000001,6.74,7.14,3.6
"KURNOOL","GONEGANDLA",13.77,3.18,0.32,0.0700000000000003,0.950000000000001,0.610000000000001,0.610000000000001,3.57,2.9,2.87
"KURNOOL","GOSPADU",4.55,5.32,0.0800000000000001,0.15,0.860000000000001,2.78,1.22,6.08,8.12,2.84
"KURNOOL","GUDURKURNOOL",11.02,2.34,0.289999999999999,0.0300000000000011,0.459999999999999,0.76,0.24,3.27,3.14,1.38
"KURNOOL","HALAHARVI",8.48,1.69,1.98,0.52,0.800000000000001,1.37,2.1,2.84,6.23,3.29
"KURNOOL","HOLAGUNDA",9.28,2.18,1.98,0.24,0.91,1.31,2.1,3.05,8.05,7.42
"KURNOOL","JUPADUBUNGALOW",10.53,4.64,0.199999999999999,0.390000000000001,0.459999999999999,1.19,0.369999999999999,4.76,2.13,3.88
"KURNOOL","KALLUR",7.95,3.08,0.289999999999999,0.0700000000000003,0.51,1.04,0.58,4.52,3.85,1.95
"KURNOOL","KODUMUR",7.63,3,0.18,0.0300000000000011,0.52,0.92,0.52,3.57,3.14,1.83
"KURNOOL","KOILKUNTLA",3.04,3.45,0.0500000000000007,0.12,0.49,2.38,1.22,2.9,8.69,2.14
"KURNOOL","KOLIMIGUNDLA",4.08,2.15,0.0700000000000003,0.0300000000000002,0.18,0.42,0.43,0.55,2.84,2.74
"KURNOOL","KOSIGI",10.69,2.37,1.16,0.120000000000001,1.22,1.01,1.37,3.72,4.45,2.72
"KURNOOL","KOTHAPALLE",10.29,7.31,0.739999999999998,0.549999999999997,0.850000000000001,1.13,0.699999999999999,5.55,3.76,5.92
"KURNOOL","KOWTHALAM",11.55,2.94,0.99,0.129999999999999,1.22,1.16,3.08,3.51,6.11,8.24
"KURNOOL","KRISHNAGIRI",7.63,2.89,0.75,0.120000000000001,0.58,0.92,0.67,2.38,3.73,3.02
"KURNOOL","KURNOOL",9.19,2.56,0.529999999999999,0.129999999999999,0.520000000000001,1.16,0.4,4.88,2.99,2.07
"KURNOOL","MADDIKERAEAST",9.03,1.8,1.02,0.399999999999999,0.49,1.03,0.83,2.16,6.11,3.02
"KURNOOL","MAHANANDI",16.67,17.11,0.399999999999999,0.299999999999997,1.01000000000001,2.74,1.31,7.84,8.05,4.22
"KURNOOL","MANTRALAYAM",9.9,2.37,1.04,0.0899999999999999,1.07,0.610000000000001,0.609999999999999,2.78,3.66,1.74
"KURNOOL","MIDTHUR",10.66,3.9,0.199999999999999,0.31,0.43,1,0.18,3.73,4.09,2.01
"KURNOOL","NANDAVARAM",13.77,2.57,1.35,0.0700000000000003,0.76,0.460000000000001,0.33,3.17,3.54,1.59
"KURNOOL","NANDIKOTKUR",9.19,4.15,0.199999999999999,0.180000000000001,0.31,0.880000000000001,0.34,5.31,2.35,3.88
"KURNOOL","NANDYAL",4.59,8.03,0.0800000000000001,0.15,0.860000000000001,2.74,1.22,7.84,8.05,2.9
"KURNOOL","ORVAKAL",10.56,3.39,0.17,0.0300000000000011,0.49,0.699999999999999,0.300000000000001,4.52,3.85,1.74
"KURNOOL","OWK",3.4,3.45,0.17,0.0300000000000002,0.16,0.48,0.49,1.8,4.36,2.74
"KURNOOL","PAGIDYALA",9.12,4.64,0.199999999999999,0.180000000000001,0.34,1,0.369999999999999,5.55,2.66,5.58
"KURNOOL","PAMULAPADU",9.14,5.71,0.32,0.459999999999999,0.859999999999999,1.58,0.48,4.37,5.06,4.43
"KURNOOL","PANYAM",8.2,3.99,0.0600000000000005,0.27,0.609999999999999,2.62,1.22,5.5,7.27,1.71
"KURNOOL","PATTIKANDA",6.52,3.54,0.880000000000001,0.299999999999999,0.700000000000001,1.07,1.13,1.68,5.83,4.94
"KURNOOL","PEAPALLY",7.42,3.45,0.800000000000001,0.0999999999999996,0.58,0.34,0.700000000000001,2.72,4.88,2.07
"KURNOOL","PEDDAKADUBUR",10.69,3.43,0.609999999999999,0.119999999999999,1.16,1.01,0.970000000000001,1.99,4,4.85
"KURNOOL","RUDRAVARAM",8.36,12,0.330000000000002,0.120000000000001,0.800000000000001,2.78,1.8,6.13,10.44,3.69
"KURNOOL","SANJAMALA",2.28,1.72,0.0500000000000003,0.12,0.24,1.16,0.640000000000001,3.73,6.05,2.74
"KURNOOL","SIRVEL",8.04,10.26,0.0999999999999979,0.15,0.860000000000001,2.78,1.22,6.13,8.12,3.69
"KURNOOL","SRISAILAM",11.38,7.34,0.290000000000003,0.25,0.420000000000002,0.16,0.0899999999999999,0.640000000000001,0.579999999999998,0.359999999999999
"KURNOOL","TUGGALI",7.42,3.03,1.02,0.24,0.700000000000001,0.82,0.83,2.29,6.11,3.51
"KURNOOL","UYYALAWADA",3.04,3.61,0.0500000000000007,0.0300000000000002,0.239999999999999,2.05,0.940000000000001,5.77,10.96,3.63
"KURNOOL","VELDURTHIKURNOOL",8.07,4.52,0.28,0.0700000000000003,0.789999999999999,1.04,0.67,2.99,3.72,2.47
"KURNOOL","VELGODE",24.66,17.48,0.339999999999996,0.920000000000002,2.04,2.07,1.55,6.72,8.45,5.1
"KURNOOL","YEMMIGANUR",13.77,3.21,0.41,0.119999999999999,1.07,0.58,0.43,3.48,3.54,2.47
"NELLORE","ALLUR",0.12,1.21,0.01,0.03,0.0899999999999999,0.64,2.08,7.91,6.35,4.05
"NELLORE","ANANTHASAGARAM",0.71,1.15,0.0599999999999998,0.0899999999999999,0,0.49,1.1,4.76,3.57,3.17
"NELLORE","ANUMASAMUDRAMPETA",0.4,0.62,0.03,0.12,0.03,0.55,2.35,7.69,7.66,5.7
"NELLORE","ATMAKURNELLORE",0.5,0.58,0.03,0.16,0.03,0.74,2.35,5.79,6.37,5.7
"NELLORE","BALAYAPALLE",0.61,2.72,0.02,0.0600000000000001,0.0600000000000001,1.77,4.7,3.32,7.08,10.16
"NELLORE","BOGOLE",0.68,0.65,0.0499999999999998,0.0600000000000001,0.16,0.27,1.34,6.38,6.78,5.31
"NELLORE","BUCCHIREDDIPALEM",0.17,1.31,0.0199999999999999,0.0599999999999999,0.0299999999999998,0.58,3.18,6.13,7.08,5.49
"NELLORE","CHEJERLA",0.29,1.05,0.0600000000000001,0.03,0.03,0.55,3.3,5.58,7.05,4.79
"NELLORE","CHILLAKUR",0.14,2.64,0.0299999999999998,0.0599999999999996,0.0899999999999999,1.83,5.28,4.88,6.65,6.1
"NELLORE","CHITTAMUR",0.84,3.17,0.26,0.0300000000000002,0.27,2.08,4.73,5.86,14.16,8.7
"NELLORE","DAGADARTHI",0.17,1.21,0.01,0.0600000000000001,0.03,0.64,2.5,6.44,7.51,4.76
"NELLORE","DAKKILI",0.6,1.1,0.03,0.03,0.0600000000000001,1.43,4,3.24,7.08,6.23
"NELLORE","DORAVARISATRAM",0.84,3.01,0.29,0.0300000000000002,0.27,2.08,5.21,5.53,16.14,9.95
"NELLORE","DUTTALUR",1.37,1.93,0.01,0.16,0,0.61,0.36,6.01,6.38,3.73
"NELLORE","GUDUR",0.34,1.42,0.02,0.0599999999999998,0.0600000000000001,1.68,5.56,4.85,7.08,8.73
"NELLORE","INDUKURPET",0.08,4.77,0.0299999999999998,0.0300000000000002,0.0600000000000001,0.91,2.9,6.35,6.8,4.37
"NELLORE","JALADANKI",1.27,1.39,0.0499999999999998,0.0600000000000001,0.0600000000000001,0.22,1.34,6.5,7.66,5.31
"NELLORE","KALIGIRI",1.05,0.68,0.03,0.12,0.03,0.4,1.34,8.03,7.66,5.22
"NELLORE","KALUVOYA",0.47,1.47,0.0600000000000001,0.03,0,0.7,3.32,4.51,7.05,5.71
"NELLORE","KAVALI",1.2,1.3,0.01,0.0599999999999998,0.16,0.31,1.28,6.38,6.77,5.28
"NELLORE","KODAVALUR",0.17,2.38,0.01,0.0599999999999999,0,0.73,3,6.44,7.08,5.15
"NELLORE","KONDAPURAMNELLORE",1.05,1.39,0.02,0.0899999999999999,0.0600000000000001,0.21,0.64,8.03,7.66,3.97
"NELLORE","KOTA",0.25,3.17,0.12,0.0300000000000002,0.0899999999999999,2.02,4.61,5.86,6.25,7.24
"NELLORE","KOVUR",0.12,2.38,0.01,0.03,0.0299999999999998,0.73,3,6.44,6.35,5.49
"NELLORE","MANUBOLU",0.21,2.66,0.02,0.03,0.03,1.34,4.45,4.82,6.65,5.55
"NELLORE","MARRIPADU",1.46,1.93,0.0399999999999998,0.1,0,0.74,0.73,5.43,5.77,4.76
"NELLORE","MUTHUKUR",0.16,6.28,0.0299999999999994,0.0600000000000005,0.0600000000000001,1.62,5.28,6.26,5.68,5.86
"NELLORE","NAIDUPETA",0.33,3.01,0.0499999999999998,0.0300000000000002,0.0600000000000001,1.86,5.21,5.83,8.08,10.16
"NELLORE","NELLOREMANDAL",0.19,3.59,0.02,0.0300000000000002,0.0300000000000002,0.95,4.39,6.13,6.29,5.67
"NELLORE","OJILI",0.43,3.01,0.0499999999999998,0.0600000000000001,0.0300000000000002,1.77,5.56,5.83,6.6,10.16
"NELLORE","PELLAKUR",0.56,3.03,0.04,0.0300000000000002,0.0600000000000001,1.77,5.21,4.77,11.29,10.16
"NELLORE","PODLAKUR",0.21,2.1,0.03,0.03,0.03,0.95,4.27,5.58,7.05,5.55
"NELLORE","RAPUR",0.6,2.51,0.0700000000000001,0.03,0,0.88,3.32,2.71,6.59,6.65
"NELLORE","SANGAM",0.16,0.77,0.03,0.0600000000000001,0.03,0.58,3.18,5.59,7.72,5.22
"NELLORE","SEETHARAMAPURAM",3.49,4.15,0.0299999999999994,0.12,0.19,0.98,0.0900000000000007,2.5,3.39,0.58
"NELLORE","SULLURPETA",1.08,3.09,0.52,0.0300000000000002,0.27,2.08,4.54,5.92,19.5,9.95
"NELLORE","SYDAPURAM",0.47,2.1,0.03,0,0.0600000000000001,1.44,4.27,3.88,7.08,5.55
"NELLORE","TADA",0.71,1.69,0.46,0.0300000000000002,0.0899999999999999,1.95,4.76,6.69,25.64,9.83000000000001
"NELLORE","THOTAPALLIGUDUR",0.17,6.28,0.0299999999999994,0.0600000000000005,0.0299999999999998,1.1,3.57,6.35,6.8,5.86
"NELLORE","UDAYAGIRI",3.38,2.47,0,0.12,0.0300000000000002,0.27,0.16,2.53,5.34,1.22
"NELLORE","VAKADU",1.08,3.17,0.41,0.0300000000000002,0.34,2.02,4.61,5.86,14.13,7.24
"NELLORE","VARIKUNTAPADU",1.66,1.74,0.02,0.0600000000000001,0.0600000000000001,0.12,0.1,5.65,5.71,1.38
"NELLORE","VENKATACHALAM",0.19,3.59,0.02,0.0300000000000002,0.0300000000000002,1.1,4.45,6.01,6.65,5.67
"NELLORE","VENKATAGIRI",0.82,2.27,0.0600000000000001,0.0600000000000001,0,1.37,3.32,2.54,5.77,8.05
"NELLORE","VIDAVALUR",0.12,2.75,0.0299999999999998,0.0600000000000001,0.0600000000000001,0.79,2.26,7.2,6.44,3.94
"NELLORE","VINJAMUR",1.02,0.53,0.02,0.16,0.03,0.74,0.7,8.03,7.35,4.76
"PRAKASAM","ADDANKI",13.34,4.3,0.0300000000000011,0.0600000000000005,0.390000000000001,0.210000000000001,0.82,1.83,4.18,6.93
"PRAKASAM","ARDHAVEEDU",10.32,7.5,0.640000000000001,0.129999999999999,0.330000000000002,0.399999999999999,0.120000000000001,0.370000000000001,0.789999999999999,1.01
"PRAKASAM","BALLIKURUVA",14.88,3.72,0.0500000000000007,0.52,0.49,0.279999999999999,0.790000000000001,2.42,7.3,6.31
"PRAKASAM","BESTAVARIPETA",5.59,6.17,0.139999999999999,0.0600000000000005,0.24,0.15,0.0600000000000005,0.24,0.789999999999999,0.880000000000001
"PRAKASAM","CHADRASEKARAPURAM",3.44,5.5,0.0600000000000005,0.0899999999999999,0.27,0.880000000000001,0.04,2.72,3.94,0.640000000000001
"PRAKASAM","CHIMAKURTHI",8.4,4.81,0.16,0.0600000000000005,0.4,0.0899999999999999,0.24,2.32,4.76,5.34
"PRAKASAM","CHINAGANJAM",6.9,1.93,0.0300000000000002,0.0599999999999996,0.37,0.27,1.19,1.68,4.61,6.29
"PRAKASAM","CHIRALA",6.87,1.84,0.0799999999999983,0.4,0.430000000000001,0.15,0.699999999999999,0.83,5.37,9.86
"PRAKASAM","CUMBUM",6.46,6.17,0.109999999999999,0.0600000000000005,0.24,0.210000000000001,0.0899999999999999,0.299999999999999,0.98,0.609999999999999
"PRAKASAM","DARSI",18.8,8.2,0.0399999999999991,0.0299999999999976,0.310000000000002,0.299999999999997,0.120000000000001,1.58,4.06,5.92
"PRAKASAM","DONAKONDA",18.89,9.08,0.189999999999998,0.0400000000000027,0.490000000000002,0.149999999999999,0.100000000000001,0.48,1.65,0.279999999999998
"PRAKASAM","DORNALA",10.81,7.37,0.219999999999999,0.399999999999999,0.48,0.25,0.210000000000001,0.52,0.85,0.489999999999998
"PRAKASAM","GIDDALURU",16.56,13.44,0.609999999999999,0.330000000000002,1.04,0.739999999999999,0.489999999999995,1.25,1.56,2.1
"PRAKASAM","GUDLURU",0.72,1.68,0.02,0.0599999999999998,0.15,0.31,0.7,5.31,7.11,4.7
"PRAKASAM","HANUMANTHUNIPADU",3.84,4.86,0.0700000000000003,0.0300000000000002,0.25,0.130000000000001,0.33,0.27,3.14,0.280000000000001
"PRAKASAM","INKOLLU",9.86,2.22,0.0199999999999996,0.18,0.42,0.239999999999999,1.19,1.68,4.94,7.51
"PRAKASAM","JANAKAVARAMPANGULU",11.41,3.24,0.0199999999999996,0.0999999999999996,0.42,0.19,0.949999999999999,1.8,4.46,6.16
"PRAKASAM","KANDUKUR",2.71,2.55,0.0500000000000007,0.0700000000000003,0.24,0.0900000000000003,0.37,5.34,5.86,4.18
"PRAKASAM","KANIGIRI",4.97,4.15,0.190000000000001,0.12,0.18,0.0899999999999999,0.31,3.82,5.68,1.83
"PRAKASAM","KARAMCHEDU",8.71,1.96,0.0300000000000002,0.300000000000001,0.4,0.15,0.699999999999999,1.25,5.34,8.7
"PRAKASAM","KOMAROLU",4.3,5.11,0.229999999999999,0.0699999999999994,0.0900000000000007,0.94,0.149999999999999,1.59,2.96,1.01
"PRAKASAM","KONAKANAMITLA",10.13,7.06,0.0300000000000002,0.0299999999999994,0.4,0.0899999999999999,0.360000000000001,0.34,1.74,0.789999999999999
"PRAKASAM","KONDAPI",6.77,3.96,0.16,0.0600000000000005,0.279999999999999,0.0600000000000005,0.0600000000000005,2.32,5.61,4.45
"PRAKASAM","KORISAPADU",9.1,3.26,0.0200000000000014,0,0.210000000000001,0.19,0.91,1.83,3.72,6.16
"PRAKASAM","KOTHAPATNAM",6.13,2.45,0,0.0600000000000005,0.42,0.31,0.979999999999999,2.08,6.01,5.46
"PRAKASAM","KURICHEDU",21.36,9.08,0.189999999999998,0.0299999999999976,0.52,0.299999999999997,0.149999999999999,1.13,2.14,3.57
"PRAKASAM","LINGASAMUDRAM",0.72,1.68,0.0299999999999998,0.0300000000000002,0.18,0.21,0.15,5.86,7.45,3.79
"PRAKASAM","MADDIPADU",7.19,3.26,0.0200000000000014,0.0300000000000011,0.279999999999999,0.129999999999999,0.699999999999999,1.92,5.8,5.47
"PRAKASAM","MARKAPUR",10.12,7.69,0.16,0.0400000000000027,0.24,0.149999999999999,0.0600000000000005,0.34,1.22,0.280000000000001
"PRAKASAM","MARRIPUDI",7.43,5.25,0.25,0.0600000000000005,0.24,0.0600000000000005,0.0599999999999987,2.32,5.68,4.45
"PRAKASAM","MARTUR",11.41,3.16,0.0399999999999991,0.19,0.49,0.0999999999999996,0.790000000000001,1.77,7.3,5.61
"PRAKASAM","MUNDLAMURU",15.92,7.02,0.0300000000000011,0,0.369999999999997,0.300000000000001,0.550000000000001,1.83,3.57,6.93
"PRAKASAM","NAGULUPPALAPADU",7.19,3.26,0.0200000000000014,0.0300000000000011,0.37,0.27,1.19,1.92,5.8,5.86
"PRAKASAM","ONGOLE",6.63,3.24,0.0200000000000014,0.0600000000000005,0.459999999999999,0.31,0.979999999999999,2.08,6.01,5.46
"PRAKASAM","PAMUR",1.33,1.96,0.11,0.0600000000000001,0.15,0.0600000000000001,0.1,6.25,6.92,3.63
"PRAKASAM","PARCHUR",9.92,1.96,0.0300000000000011,0.520000000000001,0.4,0.0899999999999999,0.460000000000001,1.52,7.48,9.16
"PRAKASAM","PEDAARAVEEDU",7.58,6.02,0.0999999999999996,0.0600000000000005,0.42,0.18,0.0600000000000005,0.609999999999999,0.879999999999999,0.24
"PRAKASAM","PEDACHERLOPALLE",3.27,3.38,0.19,0.12,0.15,0.0300000000000002,0.0300000000000002,4.76,5.12,2.89
"PRAKASAM","PODILI",10.13,7.06,0.16,0.0399999999999991,0.279999999999999,0.0899999999999999,0.18,2.32,4.3,4.45
"PRAKASAM","PONNALURU",4.09,3.45,0.18,0.0600000000000001,0.3,0.0300000000000002,0.0300000000000002,5.43,5.82,3.36
"PRAKASAM","PULLALACHERUVU",17.81,5.98,0.0700000000000003,0.329999999999998,0.669999999999998,0.0899999999999999,0.459999999999997,1.53,1.25,5.47
"PRAKASAM","RACHERLA",10.16,7.28,0.57,0.0599999999999987,0.300000000000001,0.399999999999999,0.15,0.699999999999999,0.98,1.13
"PRAKASAM","SANTHAMAGULURU",14.88,2.65,0.0500000000000007,0.49,0.460000000000001,0.279999999999999,0.640000000000001,2.42,5.25,6.02
"PRAKASAM","SANTHANUTHLAPADU",7.6,3.95,0.0599999999999987,0.0600000000000005,0.459999999999999,0.0899999999999999,0.359999999999999,2.05,5.61,4.67
"PRAKASAM","SINGARAYAKONDA",2.71,2.25,0.0299999999999998,0.0700000000000003,0.25,0.15,0.37,5.28,5.86,3.75
"PRAKASAM","TANGUTUR",7.01,3.79,0.0599999999999987,0.0600000000000005,0.4,0.0900000000000007,0.490000000000001,2.05,5.98,4.61
"PRAKASAM","TARLAPADU",7.25,7.24,0.0299999999999994,0.0300000000000011,0.4,0.0899999999999999,0.360000000000001,0.220000000000001,1.64,0.24
"PRAKASAM","THALLUR",12.63,6.27,0.0399999999999991,0.0600000000000005,0.280000000000001,0.18,0.370000000000001,1.83,4.06,6.93
"PRAKASAM","TRIPURANTHAKAM",21.36,8.14,0.189999999999998,0.0299999999999976,0.789999999999999,0.18,0.459999999999997,0.400000000000002,1.19,1.04
"PRAKASAM","ULAVAPADU",1.17,1.68,0.0299999999999998,0.0300000000000002,0.0899999999999999,0.13,0.37,5.31,5.01,4.18
"PRAKASAM","VELIGANDLA",3.17,4.46,0.14,0.0599999999999996,0.16,0.239999999999999,0.0600000000000001,0.27,4.63,0.4
"PRAKASAM","VETAPALEM",6.08,1.55,0.0300000000000002,0.149999999999999,0.430000000000001,0.21,1.04,0.83,2.74,6.29
"PRAKASAM","VOLETIVARIPALEM",1.21,2.29,0.0499999999999998,0.0600000000000001,0.18,0.0900000000000003,0.15,5.86,7.45,4.18
"PRAKASAM","YEDDANAPUDI",11.05,1.96,0.0399999999999991,0.34,0.49,0.0600000000000005,0.460000000000001,1.77,7.48,7.51
"PRAKASAM","YERRAGONDAPALEM",14.14,6.9,0.149999999999999,0.430000000000001,0.789999999999999,0.18,0.370000000000001,1.31,1.28,0.34
"PRAKASAM","ZARUGUMILLI",5.13,3.32,0.0899999999999999,0.0700000000000003,0.329999999999998,0.0300000000000002,0.220000000000001,5.43,5.98,4.06
"SRIKAKULAM","AMADALAVALASA",23.39,5.05,3.42,7.54,12.91,9.04,8.45,5.31,4.94,6.19
"SRIKAKULAM","BHAMINI",47.13,4.42,4.96,7.99,12.3,6.5,10.38,5.39999999999999,3.29000000000001,3.31999999999999
"SRIKAKULAM","BURJA",26.03,5.05,5.34,7.54,12.91,6.93,8.45,6.16,8,4.34
"SRIKAKULAM","ETCHERLA",16.08,2.34,0.82,1.71,10.07,9.43,5,3.15,4.57,6.69
"SRIKAKULAM","GANGUVARISINGADAM",21.44,3.97,5.44,10.14,10.95,6.41,6.29,2.59,5.04,5.37
"SRIKAKULAM","GARA",17.76,1.37,0.550000000000001,1.53,9.18,9.04,5,2.69,2.96,6.19
"SRIKAKULAM","HIRAMANDALAM",34.65,5.83,4.09,9.31,10.07,6.92,13.34,4.58000000000001,2.5,9
"SRIKAKULAM","ICHCHAPURAM",57.82,2.18,1.71,9.43,7.14,5.48999999999999,3.84999999999999,4.84999999999999,2.95999999999999,6.78
"SRIKAKULAM","JALUMURU",28.12,5.05,2.87,9.31,12.23,8.82,13.34,5.31,2.87,9
"SRIKAKULAM","KANCHILI",72.39,2.83,3.45,16.88,23.74,15.1,28.84,6.94999999999999,7.54000000000002,11.45
"SRIKAKULAM","KAVITI",72.39,2.19,1.22,8.57000000000001,5.68000000000001,5.48999999999999,9.48999999999999,4.73,3.80999999999999,6.31999999999999
"SRIKAKULAM","KOTABOMMAL",34,4.12,2.37,10.31,11.63,6.53,15.01,7.57000000000001,3.67,7.63
"SRIKAKULAM","KOTHURU",44.23,7.21,4.96,8.67,10.01,6.92,12.88,4.58000000000001,3.29000000000001,4.06
"SRIKAKULAM","LAVERU",18.07,2.88,2.23,1.93,10.07,10.44,4.09,3.15,5.04,6.69
"SRIKAKULAM","LAXMINARASAMPET",30.91,4.59,4.09,9.31,10.07,6.92,13.34,4.58000000000001,2.5,9
"SRIKAKULAM","MANDASA",72.36,6.60999999999999,4.29000000000001,16.88,23.74,15.1,28.84,7.42,7.54000000000002,11.45
"SRIKAKULAM","MELIAPUTTI",52.59,7.59,6.11,12.48,10.8,5.03,12.52,5.61,5.95,7.31999999999999
"SRIKAKULAM","NANDIGAM",45,4.85,3.26,12,10.8,3.36,12.52,5.14999999999999,4.23999999999999,6.17
"SRIKAKULAM","NARASANNAPETA",26.84,3.44,1.87,2.8,10.62,8.82,11.81,4.36,4.67,6.1
"SRIKAKULAM","PALAKONDA",29.66,4.46,5.34,6.16,12.61,6.87,4.61,6.16,8.94,4.50999999999999
"SRIKAKULAM","PALASA",59.96,6.60999999999999,4.29000000000001,6.72000000000001,11.72,5.25,10.56,7.42,2.41000000000001,6.90000000000001
"SRIKAKULAM","PATHAPATNAM",46.62,7.59,5.18,12.48,11.63,6.53,15.01,7.57000000000001,5.95,7.63
"SRIKAKULAM","POLAKI",28.15,1.48,1.25,2.65,10.04,6.87,10.04,3.39,4.67,6.1
"SRIKAKULAM","PONDURU",17.88,3.63,2.75,6.2,10.95,9.43,6.29,3.15,5.04,6.69
"SRIKAKULAM","RAJAM",23.65,4.03,5.83,10.14,9.76,9.34,4.27999999999999,2.96,8.6,4.7
"SRIKAKULAM","RANASTALAM",23.87,3.35,2.25,1.77,6.53,12.36,3.2,3.85,2.93,4.06
"SRIKAKULAM","REGIDIAMADALAVALASA",26.03,4.9,5.83,9.34,12.91,9.34,5.31,6.16,8.94,4.66999999999999
"SRIKAKULAM","SANTHABOMMALI",36.29,3.34,2,10.19,8.82,3.9,13.91,4.64,4.23999999999999,7.44
"SRIKAKULAM","SANTHAKAVITI",22.47,4.9,5.83,10.14,12.91,5.98,6.29,5.09999999999999,8.6,5.37
"SRIKAKULAM","SARAVAKOTA",38.31,5.83,4.08,12.48,11.63,8.82,15.01,7.57000000000001,3.78,9
"SRIKAKULAM","SARUBUJJILI",28.12,5.05,2.87,9.31,12.23,8.82,13.34,5.31,2.5,9
"SRIKAKULAM","SEETHAMPETA",33.52,5.28,6.13,6.56,14.95,10.65,16.18,6.16,8,4.52000000000001
"SRIKAKULAM","SOMPETA",72.39,2.83,3.45,16.88,23.74,15.1,28.84,6.94999999999999,7.54000000000002,11.45
"SRIKAKULAM","SRIKAKULAMMANDAL",20.91,2.84,1.61,3.72,11.41,9.04,5.89,3.45,4.67,6.19
"SRIKAKULAM","TEKKALI",40.44,4.85,3.26,12,10.8,3.36,13.91,5.14999999999999,4.23999999999999,7.44
"SRIKAKULAM","VAJRAPUKOTHURU",54.37,1.77,1.33,5.15,7.33,3.36,10.56,3.05,4.23999999999999,5.22
"SRIKAKULAM","VANGARA",29.81,6.64,3.69,5.31,11.5,12.97,2.5,3.69,5.37,4.66999999999999
"SRIKAKULAM","VEERAGHATTAM",32.31,6.33,5.05,6.01,11.75,6.87,2.59,4.06,8.94,4.66999999999999
"VISHAKAPATNAM","ANAKAPALLE",39.61,7.05,4.12,0.730000000000004,2.04,3.97,1.65000000000001,3.48,5.98,8.27
"VISHAKAPATNAM","ANANDAPURAM",34.36,5.86,4.87,1.92,4.73,15.08,4.95,7.05,5.49000000000001,12.94
"VISHAKAPATNAM","ANANTHAGIRI",47.07,5.49,6.69,6.75,11.47,15.81,7.81,7.91,12.42,11.66
"VISHAKAPATNAM","ARAKUVALLEY",48.9,5.79,4.03,2.44,4.94,8.66999999999999,2.68,2.44,4.18,7.35999999999999
"VISHAKAPATNAM","ATCHUTAPURAM",35.32,8.17,1.48999999999999,0.0900000000000034,0.399999999999999,4.79,1.53,2.63,3.84,3.97
"VISHAKAPATNAM","BHEEMUNIPATNAM",28.59,4.03,2.52,2.19,5.92,12.4,5.55,8.21,5.98,5.36999999999999
"VISHAKAPATNAM","BUTCHAYYAPETA",39.61,8.04,4.12,0.310000000000002,1.13,3.33,1.31,3.59999999999999,5.92,6.67999999999999
"VISHAKAPATNAM","CHEEDIKADA",42.48,5.49,6.69,1.03,7.82,8.02,5.40000000000001,7.91,9.58,9.42999999999999
"VISHAKAPATNAM","CHINTAPALLE",89.85,20.06,11.24,4.08999999999999,2.23,7.17000000000002,8.27,10.22,8.69999999999999,7.20999999999999
"VISHAKAPATNAM","CHODAVARAM",39.27,6.31,3.54,0.730000000000004,1.89,3.97,1.31,2.65,5.98,8.27
"VISHAKAPATNAM","DEVARAPALLEVISAKHAPATNAM",43.93,5.49,6.69,1.04,11.47,10.56,5.40000000000001,7.91,9.58,11.66
"VISHAKAPATNAM","DUMBRIGUDA",57.55,9.84,6.94,2.71000000000001,4.92,8.33,6.61999999999999,5.10000000000001,3.36,4.36
"VISHAKAPATNAM","GAJUWAKA",36.82,7.05,1.97000000000001,0.18,1.52999999999999,4.89,1.89,2.75,2.14,5.45999999999999
"VISHAKAPATNAM","GANGARAJUMADUGULA",89.85,20.06,11.24,4.08999999999999,2.23,7.17000000000002,8.27,10.22,8.69999999999999,6.41000000000003
"VISHAKAPATNAM","GOLUGONDA",43.11,15.73,5.41,0.580000000000005,2.05,6.90000000000001,0.579999999999998,2.75,4.7,6.59
"VISHAKAPATNAM","GUDEMKOTHAVEEDHI",65.41,22.59,10.93,2.17,1.70999999999999,7.72,5.41,10.1,7.78,7.02
"VISHAKAPATNAM","HUKUMPETA",65,12.5,7.03999999999999,2.44,7.82,8.02,5.40000000000001,7.91,9.58,9.42999999999999
"VISHAKAPATNAM","KASIMKOTA",39.61,9.43,4.12,0.149999999999999,2.04,4.97,1.65000000000001,3.59999999999999,4.86,6.67999999999999
"VISHAKAPATNAM","KKOTAPADU",39.27,5.87,3.54,1.16,2.84,3.97,2.38,2.65,5.98,10.04
"VISHAKAPATNAM","KOTAURATLA",33.36,15.3,2.35,0.0600000000000023,0.25,7.02,0.979999999999997,3.88,2.44,6.47
"VISHAKAPATNAM","KOYYURU",52.02,27.11,11.54,1.68000000000001,2.05,6.29000000000001,1.70999999999999,4.15000000000001,7.87,7.20999999999999
"VISHAKAPATNAM","MADUGULA",37.09,7.75,7.23,0.979999999999997,2.99,6.77,4.86000000000001,2.35,8.63,6.22
"VISHAKAPATNAM","MAKAVARAPALEM",39.09,11.54,3.59,0.149999999999999,0.460000000000001,7.02,1.1,3.59999999999999,4.79,6.41
"VISHAKAPATNAM","MUNAGAPAKA",38.31,8.17,3.99,0.129999999999995,2.04,4.79,1.65000000000001,3.48,4.06,6.53
"VISHAKAPATNAM","MUNCHINGIPUTTU",127.78,27.31,22.34,7.18000000000001,3.41,12.48,12.64,13.64,9.28,9.18000000000001
"VISHAKAPATNAM","NAKKAPALLE",24.14,13.01,1.87,0.0600000000000023,0.359999999999999,3.82,1.64,4.58,1.16,3.6
"VISHAKAPATNAM","NARSIPATNAM",40.92,12.27,3.57,0.280000000000001,0.759999999999998,6.90000000000001,0.579999999999998,2.75,4.7,6.47
"VISHAKAPATNAM","NATHAVARAM",34.32,15.3,3.34,0.180000000000007,0.669999999999995,6.90000000000001,0.640000000000001,3.38,2.16,6.47
"VISHAKAPATNAM","PADERU",85.5,18.73,9.69,3.33,7.05,6.77,4.86000000000001,4.44999999999999,8.63,7.44999999999999
"VISHAKAPATNAM","PADMANABHAM",31.62,4.78,3.27,2.19,5.92,15.08,5.55,8.21,5.98,9.48999999999999
"VISHAKAPATNAM","PARAVADA",36.82,7.05,1.97000000000001,0.18,1.52999999999999,3.05,1.46,2.75,2.14,5.45999999999999
"VISHAKAPATNAM","PAYAKARAOPETA",23.76,13.01,1.87,0.0600000000000023,0.399999999999999,3.82,1.64,4.58,1.16,4.91999999999999
"VISHAKAPATNAM","PEDABAYALU",116.52,20.42,12.83,6.09999999999999,2.59,10.04,9.69999999999999,13.65,10.22,6.99000000000001
"VISHAKAPATNAM","PEDAGANTYADA",35.03,5.71,0.890000000000001,0.18,1.48999999999999,4.89,1.89,1.92,1.1,1.86
"VISHAKAPATNAM","PENDURTHI",35.03,7.43,4.87,1.22,4.64,12.33,3.35,7.05,4.46000000000001,12.94
"VISHAKAPATNAM","RAMBILLI",35.32,8.17,1.48999999999999,0.0900000000000034,0.399999999999999,4.79,1.53,2.74,3.84,3.97
"VISHAKAPATNAM","RAVIKAMATHAM",39.09,9.13,4.66999999999999,0.550000000000004,0.969999999999999,3.3,0.850000000000001,3.59999999999999,5.92,6.41
"VISHAKAPATNAM","ROLUGUNTA",40.92,12.27,6.24,0.729999999999997,1.74,6.29000000000001,0.850000000000001,2.54,4.79,6.41
"VISHAKAPATNAM","SABBAVARAM",39.22,7.43,5.47,1.28,4.64,7.81,3.2,5.89,4.95,10.04
"VISHAKAPATNAM","SRAYAVARAM",29.56,13.66,1.63,0.0600000000000023,0.299999999999997,5.79,1.25,3.88,1.37,2.28
"VISHAKAPATNAM","VISAKHAPATNAMMANDAL",32.01,4.11,0.470000000000006,0.149999999999999,1.65,2.44,0.640000000000001,1.71,0.219999999999999,0.450000000000003
"VISHAKAPATNAM","VISAKHAPATNAMMANDAL1",35.03,7.43,3.2,0.550000000000004,4.64,7.81,3.2,2.48,3.17000000000001,5.22
"VISHAKAPATNAM","YELAMANCHILIVISAKHAPATNAM",35.32,11.06,2.21,0.0999999999999943,0.399999999999999,5.12,1.53,3.14,3.84,4.25
"VIZIANAGARAM","BADANGI",31.44,7.36,3.68,3.33000000000001,6.47,12.97,1.46,1.68,2.65,3.84
"VIZIANAGARAM","BALAJIPETA",29.81,6.64,3.69,5.31,11.5,12.97,2.5,3.69,5.37,4.66999999999999
"VIZIANAGARAM","BHOGHAPURAM",27.76,4.02,2.52,3.14,6.2,12.4,5.55,8.21,5.98,5.36999999999999
"VIZIANAGARAM","BOBBILI",32.18,7.36,3.48,4.82,9.16,10.56,1.4,1.74,3.82,4.45999999999999
"VIZIANAGARAM","BONDAPALLE",34.95,5.27,4.77,6.75,5.46,15.81,7.81,3.85000000000001,6.86999999999999,5.55000000000001
"VIZIANAGARAM","CHEEPURUPALLE",21.35,3.69,5.44,8.57,8.36,12.36,5.18,3.85,5.04,4.55
"VIZIANAGARAM","DATTIRAJERU",31.56,7.36,2.96,5.28,3.91,7.69,4.15000000000001,2.5,4.06,4.03
"VIZIANAGARAM","DENKADA",28.88,3.79,2.85,7.88,6.2,12.4,5.55,8.21,5.98,5.36999999999999
"VIZIANAGARAM","GAJAPATHINAGARAM",32.72,6.77,4.77,5.37,3.72,10.41,4.15000000000001,2.5,6.86999999999999,5.55000000000001
"VIZIANAGARAM","GANTYADA",36,4.02999999999999,4.42,7.88,5.46,15.81,7.81,3.85000000000001,6.65,4.94
"VIZIANAGARAM","GARIVIDI",25.54,5.62,5.44,8.57,6.87,12.36,5.18,3.85,3.91,5.19
"VIZIANAGARAM","GARUGUBILLI",32.15,8.33,2.56,2.81,11.5,7.57,1.8,3.69,4.09,3.97
"VIZIANAGARAM","GUMMALAKSHMIPURAM",52.41,9.46,3.95,11.81,13.15,8.23999999999999,20.24,9.48999999999999,5.98,3.23
"VIZIANAGARAM","GURLA",28.95,5.27,3.11,7.78,6.87,12.36,4.16,3.85,4.06,5.19
"VIZIANAGARAM","JAMI",36.78,3.56,3.27,2.29,4.73,12.51,4.95,6.07,6.65,9.48999999999999
"VIZIANAGARAM","JIYYAMMAVALASA",34.36,7.86,3.95,4.18,10.1,5.77,5,2.93,3.97,4.12
"VIZIANAGARAM","KOMARADA",37.73,9.29,3.95,2.29000000000001,10.1,7.15,2.17,3.11000000000001,3.97,3.97
"VIZIANAGARAM","KOTHAVALASA",39.22,5.72,4.87,1.68,2.84,12.33,3.35,7.05,5.5,12.94
"VIZIANAGARAM","KURUPAM",40.63,9.46,4.6,11.66,14.95,10.65,20.24,9.48999999999999,2.84,4.12
"VIZIANAGARAM","LAKKAVARAPUKOTA",41.05,5.72,2.82,1.68,2.84,5.59,2.38,3.35,5.5,10.04
"VIZIANAGARAM","MAKKUVA",36.65,7.89,4.12,2.6,4.79,8.05,9.34,4,8.91,12.6
"VIZIANAGARAM","MENTADA",33.78,6.77,4.77,5.85,5.25,10.41,4.3,1.94999999999999,6.86999999999999,5.55000000000001
"VIZIANAGARAM","MERAKAMUDIDAM",29.24,6.82,3.68,6.56,6.47,12.97,4.16,2.5,4.06,4.7
"VIZIANAGARAM","NELLIMARLA",28.95,4.33,3.11,7.78,6.87,12.36,3.69,4.52,4.79,5.22
"VIZIANAGARAM","PACHIPENTA",38.24,5.63,2.53,1.61,4.52,8.66999999999999,3.08,3.3,4.57,7.35999999999999
"VIZIANAGARAM","PARVATHIPURAM",36.65,9.29,8.51000000000001,2.01,10.1,6.99,4.95,4,8.91,12.6
"VIZIANAGARAM","PUSAPATIREGA",26.25,3.37,2.25,3.14,6.2,12.36,3.2,4.52,4.79,5.22
"VIZIANAGARAM","RAMABHADRAPURAM",31.89,7.36,2.96,4.7,3.72,8.33,3.08,0.859999999999999,1.68,3.2
"VIZIANAGARAM","SALUR",39.71,7.36,4.12,2.6,5.28,8.33,9.34,4,8.91,12.6
"VIZIANAGARAM","SEETHANAGARAMVIZIANAGARAM",32.55,8.33,4.12,4.82,11.5,9.43,1.46,3.69,4.09,4.67
"VIZIANAGARAM","SRUNGAVARAPUKOTA",38.48,4.23,4.42,6.75,8.91,15.81,7.81,5.09,12.42,10.13
"VIZIANAGARAM","THERLAM",26.63,5.7,3.68,5.37,8.51,12.97,2.5,2.08,3.91,4.7
"VIZIANAGARAM","VEPADA",43.93,4.59,3.43,1.44,5.64,10.56,5.37,5.09,8.23999999999999,9.34
"VIZIANAGARAM","VIZIANAGARAMMANDAL",32.39,4.04,2.85,7.88,5.43,8.64,3.33,3.02,6.65,3.38
"WESTGODAVARI","ACHANTA",11.13,4.85,6.03,0.639999999999997,0.0300000000000011,0.73,2.87,2.02,8.48,10.96
"WESTGODAVARI","AKIVEEDU",12.18,8.63,1.44,0.669999999999998,0.18,1.19,2.93,2.99,10.16,11.71
"WESTGODAVARI","ATTILI",12.83,7.4,2.11,0.520000000000003,0.0600000000000023,0.639999999999997,2.17,2.53,11.41,11.72
"WESTGODAVARI","BHEEMAVARAM",11.06,6.15,2.12,0.94,0.0399999999999991,0.880000000000001,2.78,2.9,11.11,12.91
"WESTGODAVARI","BHIMADOLE",12.42,8.63,1.09,0.490000000000002,0.0300000000000011,0.699999999999999,2.68,2.66,5.59,11.71
"WESTGODAVARI","BUTTAYAGUDEM",30.53,15.01,3.88,2.87,0.310000000000002,0.699999999999996,2.99,9.1,7.23,9.28
"WESTGODAVARI","CHAGALLU",18.71,11.29,2.38,0.300000000000001,0,0.330000000000002,2.04,6.13,8.55,8.33
"WESTGODAVARI","CHINTALAPUDI",20.29,6.27,0.919999999999998,0.790000000000003,0.0400000000000027,0.700000000000003,1.44,4.27,7.32,8.15
"WESTGODAVARI","DENDULURU",13.17,7.67,1.09,0.52,0.0600000000000023,0.669999999999998,2.13,2.59,5.55,9.98
"WESTGODAVARI","DEVARAPALLE",21.47,11.29,1.88,0.390000000000001,0.0300000000000011,0.579999999999998,1.44,5.98,7.95999999999999,7.66
"WESTGODAVARI","DWARAKATIRUMALA",16.76,7.46,0.940000000000001,0.550000000000001,0.0999999999999979,0.610000000000003,1.56,3.66,7.3,10.28
"WESTGODAVARI","ELURU",11.51,8.63,1.45,0.669999999999998,0.52,1.19,2.9,2.38,5.89,11.71
"WESTGODAVARI","GANAPAVARAM",12.83,7.6,2.11,0.550000000000001,0.0600000000000023,0.800000000000001,2.07,2.53,11.05,11.54
"WESTGODAVARI","GOPALAPURAM",25.41,15.01,1.88,0.890000000000001,0,0.640000000000001,1.32,6.56,7.59,7.66
"WESTGODAVARI","IRAGAVARAM",12.83,8.74,2.37,0.549999999999997,0.0600000000000023,0.639999999999997,2.57,2.53,11.05,10.74
"WESTGODAVARI","JANGAREDDIGUDEM",26.05,9.06,0.900000000000002,0.82,0.0999999999999979,0.669999999999998,1.8,6.75,8.48,10.41
"WESTGODAVARI","JEELUGUMILLI",29.97,12.66,1.5,1.71,0.159999999999997,0.759999999999998,1.65000000000001,8.82,8.18,9.66999999999999
"WESTGODAVARI","KALLA",11.06,6.15,1.53,0.669999999999998,0.0599999999999987,0.830000000000002,2.93,2.99,11.11,12.91
"WESTGODAVARI","KAMAVARAPUKOTA",15.78,6.53,0.669999999999998,0.419999999999998,0.0999999999999979,0.610000000000003,1.49,3.47,7.3,10.28
"WESTGODAVARI","KOVVUR",21.29,12.94,2.38,0.369999999999997,0,0.359999999999999,2.04,7.14,8.55,7.45
"WESTGODAVARI","KOYYALAGUDEM",26.45,15.01,1.88,1.07,0.0999999999999979,0.460000000000001,1.28,6.56,7.56,9.59
"WESTGODAVARI","KUKUNOOR",40.25,8.03,0.82,0.950000000000003,0.18,0.700000000000003,1.61,11.05,6.47,5.13
"WESTGODAVARI","LINGAPALEM",13.73,4.61,0.779999999999998,0.460000000000001,0.0400000000000027,0.539999999999999,1.47,2.59,5.31,8.15
"WESTGODAVARI","MOGALTHUR",8.79,2.04,1.27,0.390000000000001,0.0399999999999991,0.880000000000001,2.65,2.23,6.47,8.21
"WESTGODAVARI","NALLAJERLA",17.78,9.49,1.85,0.550000000000001,0.120000000000001,0.449999999999999,1.71,4.03,7.88,10.19
"WESTGODAVARI","NARASAPURAM",9.8,3.78,3.42,1.34,0.120000000000001,0.949999999999999,3.02,4.7,10.5,12.42
"WESTGODAVARI","NIDADAVOLE",18.53,11.29,2.38,0.300000000000001,0,0.330000000000002,2.04,4.76000000000001,8.4,8.33
"WESTGODAVARI","NIDAMARRU",13.03,8.99,1.42,0.550000000000001,0.0600000000000023,0.800000000000001,2.07,2.57,6.25,11.54
"WESTGODAVARI","PADAVEGI",13.17,5.99,1.09,0.58,0.0600000000000023,0.609999999999999,1.77,2.59,5.55,8.7
"WESTGODAVARI","PALACOLE",11.19,5.7,3.42,1.34,0.0899999999999999,0.890000000000001,3.02,2.35,10.5,12.42
"WESTGODAVARI","PALAKODERU",11.2,6.88,2.12,0.94,0.0300000000000011,0.640000000000001,2.78,2.59,11.41,12.91
"WESTGODAVARI","PEDAPADU",10.9,5.99,1.36,0.58,0.52,0.73,2.14,1.8,4.49,10.31
"WESTGODAVARI","PENTAPADU",13.76,8.41,2.11,0.52,0.0600000000000023,0.789999999999999,1.89,3.79,11.05,10.59
"WESTGODAVARI","PENUGONDA",12.51,6.96,3.37,0.639999999999997,0.0300000000000011,0.73,2.87,2.63,8.48,10.96
"WESTGODAVARI","PENUMANTRA",12.83,8.74,3.37,0.639999999999997,0.0600000000000023,0.73,2.87,2.53,11.41,11.72
"WESTGODAVARI","PERAVALI",13.95,8.74,2.44,0.390000000000001,0.0300000000000011,0.609999999999999,2.35,4.3,9.09,7.97
"WESTGODAVARI","PODURU",11.19,5.7,3.42,1.65,0.0899999999999999,0.890000000000001,3.02,2.5,9.4,12.42
"WESTGODAVARI","POLAVARAM",28.87,16.55,4.19,2.87,0.0900000000000034,0.640000000000001,0.980000000000004,9.1,5.92,7.54
"WESTGODAVARI","TADEPALLIGUDEM",15.57,9.19,2.05,0.460000000000001,0.0600000000000023,0.52,1.95,4.18,8.4,10.59
"WESTGODAVARI","TANUKU",13.95,8.74,2.37,0.390000000000001,0.0300000000000011,0.609999999999999,2.2,4.3,9.09,8
"WESTGODAVARI","THALLAPUDI",23.83,13.39,2.01,0.950000000000003,0,0.640000000000001,1.32,7.51,8.43,6.38
"WESTGODAVARI","TNARASAPURAM",21.71,6.25,0.609999999999999,0.489999999999998,0.0899999999999999,0.699999999999999,2.01,5.38,8.48,10.41
"WESTGODAVARI","UNDI",12.66,7.41,1.53,0.609999999999999,0.0599999999999987,0.830000000000002,2.93,2.59,11.11,12.91
"WESTGODAVARI","UNDRAJAVARAM",13.95,7.63,2.37,0.389999999999997,0.0300000000000011,0.52,2.2,4.3,8.63,8
"WESTGODAVARI","UNGUTURUWESTGODAVARI",14.29,9.45,1.75,0.460000000000001,0.120000000000001,0.489999999999998,1.65,2.77,7.33,10.59
"WESTGODAVARI","VEERAVASARAM",11.2,6.88,2.37,0.94,0.0300000000000011,0.640000000000001,2.78,2.35,11.41,11.72
"WESTGODAVARI","VELAIRPAD",40.34,15.74,6,2.87,0.310000000000002,1.19,2.2,11.2,7.45,7.31999999999999
"WESTGODAVARI","YELAMANCHILI",9.84,4.52,3.34,1.65,0.120000000000001,0.949999999999999,2.84,2.81,8.34,12.17
